krog,varianta,faza,vzorec,komponenta,cpu_raw,mem_raw
1,A-izhodisce,mirovanje,1,prometheus,0.00,48.2MiB
1,A-izhodisce,mirovanje,1,node-exporter,0.00,8.418MiB
1,A-izhodisce,mirovanje,1,cadvisor,4.00,44.21MiB
1,A-izhodisce,mirovanje,1,grafana,0.13,53.01MiB
1,A-izhodisce,mirovanje,1,elasticsearch,6.25,1.943GiB
1,A-izhodisce,mirovanje,1,kibana,12.92,642MiB
1,A-izhodisce,mirovanje,1,logstash,2.98,745.1MiB
1,A-izhodisce,mirovanje,1,alertmanager,0.67,20.73MiB
1,A-izhodisce,mirovanje,2,prometheus,0.04,48.21MiB
1,A-izhodisce,mirovanje,2,node-exporter,0.00,8.418MiB
1,A-izhodisce,mirovanje,2,cadvisor,5.19,44.21MiB
1,A-izhodisce,mirovanje,2,grafana,0.09,53.01MiB
1,A-izhodisce,mirovanje,2,elasticsearch,3.79,1.943GiB
1,A-izhodisce,mirovanje,2,kibana,9.85,642MiB
1,A-izhodisce,mirovanje,2,logstash,5.60,745.3MiB
1,A-izhodisce,mirovanje,2,alertmanager,0.59,20.73MiB
1,A-izhodisce,mirovanje,3,prometheus,0.46,48.23MiB
1,A-izhodisce,mirovanje,3,node-exporter,4.86,8.418MiB
1,A-izhodisce,mirovanje,3,cadvisor,2.58,44.22MiB
1,A-izhodisce,mirovanje,3,grafana,0.16,53.01MiB
1,A-izhodisce,mirovanje,3,elasticsearch,3.04,1.943GiB
1,A-izhodisce,mirovanje,3,kibana,10.67,642MiB
1,A-izhodisce,mirovanje,3,logstash,5.23,745.4MiB
1,A-izhodisce,mirovanje,3,alertmanager,0.24,20.73MiB
1,A-izhodisce,mirovanje,4,prometheus,0.02,48.21MiB
1,A-izhodisce,mirovanje,4,node-exporter,0.00,8.418MiB
1,A-izhodisce,mirovanje,4,cadvisor,2.14,44.23MiB
1,A-izhodisce,mirovanje,4,grafana,0.44,53.01MiB
1,A-izhodisce,mirovanje,4,elasticsearch,2.97,1.943GiB
1,A-izhodisce,mirovanje,4,kibana,8.73,642.5MiB
1,A-izhodisce,mirovanje,4,logstash,7.02,745.5MiB
1,A-izhodisce,mirovanje,4,alertmanager,0.46,20.73MiB
1,A-izhodisce,mirovanje,5,prometheus,0.07,48.21MiB
1,A-izhodisce,mirovanje,5,node-exporter,0.00,8.418MiB
1,A-izhodisce,mirovanje,5,cadvisor,2.48,44.23MiB
1,A-izhodisce,mirovanje,5,grafana,0.31,53.05MiB
1,A-izhodisce,mirovanje,5,elasticsearch,3.04,1.943GiB
1,A-izhodisce,mirovanje,5,kibana,9.16,642.5MiB
1,A-izhodisce,mirovanje,5,logstash,8.11,745.7MiB
1,A-izhodisce,mirovanje,5,alertmanager,0.50,20.73MiB
1,A-izhodisce,mirovanje,6,prometheus,2.55,48.24MiB
1,A-izhodisce,mirovanje,6,node-exporter,4.62,8.426MiB
1,A-izhodisce,mirovanje,6,cadvisor,3.61,44.22MiB
1,A-izhodisce,mirovanje,6,grafana,0.35,53.06MiB
1,A-izhodisce,mirovanje,6,elasticsearch,1.84,1.943GiB
1,A-izhodisce,mirovanje,6,kibana,11.36,642.5MiB
1,A-izhodisce,mirovanje,6,logstash,28.15,746MiB
1,A-izhodisce,mirovanje,6,alertmanager,0.53,20.73MiB
1,A-izhodisce,mirovanje,7,prometheus,0.00,48.23MiB
1,A-izhodisce,mirovanje,7,node-exporter,0.00,8.426MiB
1,A-izhodisce,mirovanje,7,cadvisor,6.60,44.24MiB
1,A-izhodisce,mirovanje,7,grafana,0.06,53.06MiB
1,A-izhodisce,mirovanje,7,elasticsearch,2.37,1.943GiB
1,A-izhodisce,mirovanje,7,kibana,12.99,642.5MiB
1,A-izhodisce,mirovanje,7,logstash,28.63,746.3MiB
1,A-izhodisce,mirovanje,7,alertmanager,0.26,20.73MiB
1,A-izhodisce,mirovanje,8,prometheus,0.00,48.23MiB
1,A-izhodisce,mirovanje,8,node-exporter,0.00,8.426MiB
1,A-izhodisce,mirovanje,8,cadvisor,3.72,44.23MiB
1,A-izhodisce,mirovanje,8,grafana,0.29,53.06MiB
1,A-izhodisce,mirovanje,8,elasticsearch,3.29,1.943GiB
1,A-izhodisce,mirovanje,8,kibana,10.99,642.8MiB
1,A-izhodisce,mirovanje,8,logstash,6.48,746.6MiB
1,A-izhodisce,mirovanje,8,alertmanager,0.23,20.73MiB
1,A-izhodisce,mirovanje,9,prometheus,0.00,48.26MiB
1,A-izhodisce,mirovanje,9,node-exporter,0.00,8.457MiB
1,A-izhodisce,mirovanje,9,cadvisor,2.95,44.25MiB
1,A-izhodisce,mirovanje,9,grafana,0.14,53.06MiB
1,A-izhodisce,mirovanje,9,elasticsearch,2.48,1.943GiB
1,A-izhodisce,mirovanje,9,kibana,9.10,642.8MiB
1,A-izhodisce,mirovanje,9,logstash,4.05,746.8MiB
1,A-izhodisce,mirovanje,9,alertmanager,0.93,20.75MiB
1,A-izhodisce,mirovanje,10,prometheus,0.55,48.26MiB
1,A-izhodisce,mirovanje,10,node-exporter,0.00,8.457MiB
1,A-izhodisce,mirovanje,10,cadvisor,1.87,44.23MiB
1,A-izhodisce,mirovanje,10,grafana,0.16,53.06MiB
1,A-izhodisce,mirovanje,10,elasticsearch,7.37,1.943GiB
1,A-izhodisce,mirovanje,10,kibana,8.61,642.8MiB
1,A-izhodisce,mirovanje,10,logstash,6.02,747.1MiB
1,A-izhodisce,mirovanje,10,alertmanager,0.23,20.75MiB
1,A-izhodisce,obremenitev,1,prometheus,0.06,48.61MiB
1,A-izhodisce,obremenitev,1,node-exporter,0.00,8.492MiB
1,A-izhodisce,obremenitev,1,cadvisor,4.41,43.45MiB
1,A-izhodisce,obremenitev,1,grafana,0.14,53.38MiB
1,A-izhodisce,obremenitev,1,elasticsearch,9.19,1.952GiB
1,A-izhodisce,obremenitev,1,kibana,13.19,643.2MiB
1,A-izhodisce,obremenitev,1,logstash,31.85,790MiB
1,A-izhodisce,obremenitev,1,alertmanager,0.53,19.6MiB
1,A-izhodisce,obremenitev,2,prometheus,0.00,48.62MiB
1,A-izhodisce,obremenitev,2,node-exporter,0.00,8.547MiB
1,A-izhodisce,obremenitev,2,cadvisor,2.88,43.46MiB
1,A-izhodisce,obremenitev,2,grafana,0.20,53.38MiB
1,A-izhodisce,obremenitev,2,elasticsearch,24.45,1.952GiB
1,A-izhodisce,obremenitev,2,kibana,20.29,646MiB
1,A-izhodisce,obremenitev,2,logstash,23.37,791.2MiB
1,A-izhodisce,obremenitev,2,alertmanager,1.59,19.6MiB
1,A-izhodisce,obremenitev,3,prometheus,0.33,48.62MiB
1,A-izhodisce,obremenitev,3,node-exporter,0.00,8.547MiB
1,A-izhodisce,obremenitev,3,cadvisor,3.86,43.46MiB
1,A-izhodisce,obremenitev,3,grafana,0.54,53.38MiB
1,A-izhodisce,obremenitev,3,elasticsearch,15.90,1.951GiB
1,A-izhodisce,obremenitev,3,kibana,14.62,646MiB
1,A-izhodisce,obremenitev,3,logstash,37.20,792.2MiB
1,A-izhodisce,obremenitev,3,alertmanager,0.39,19.6MiB
1,A-izhodisce,obremenitev,4,prometheus,1.60,48.62MiB
1,A-izhodisce,obremenitev,4,node-exporter,0.00,8.547MiB
1,A-izhodisce,obremenitev,4,cadvisor,10.37,43.48MiB
1,A-izhodisce,obremenitev,4,grafana,0.79,53.38MiB
1,A-izhodisce,obremenitev,4,elasticsearch,10.17,1.951GiB
1,A-izhodisce,obremenitev,4,kibana,15.22,648.9MiB
1,A-izhodisce,obremenitev,4,logstash,45.37,803.6MiB
1,A-izhodisce,obremenitev,4,alertmanager,0.62,19.6MiB
1,A-izhodisce,obremenitev,5,prometheus,0.07,48.64MiB
1,A-izhodisce,obremenitev,5,node-exporter,0.00,8.578MiB
1,A-izhodisce,obremenitev,5,cadvisor,4.52,43.48MiB
1,A-izhodisce,obremenitev,5,grafana,0.06,53.38MiB
1,A-izhodisce,obremenitev,5,elasticsearch,11.74,1.952GiB
1,A-izhodisce,obremenitev,5,kibana,13.22,649MiB
1,A-izhodisce,obremenitev,5,logstash,32.41,803.9MiB
1,A-izhodisce,obremenitev,5,alertmanager,0.46,19.6MiB
1,A-izhodisce,obremenitev,6,prometheus,0.00,48.64MiB
1,A-izhodisce,obremenitev,6,node-exporter,0.00,8.578MiB
1,A-izhodisce,obremenitev,6,cadvisor,3.18,43.48MiB
1,A-izhodisce,obremenitev,6,grafana,0.10,53.38MiB
1,A-izhodisce,obremenitev,6,elasticsearch,10.06,1.952GiB
1,A-izhodisce,obremenitev,6,kibana,13.86,649.1MiB
1,A-izhodisce,obremenitev,6,logstash,41.34,804MiB
1,A-izhodisce,obremenitev,6,alertmanager,0.31,19.6MiB
1,A-izhodisce,obremenitev,7,prometheus,2.48,48.64MiB
1,A-izhodisce,obremenitev,7,node-exporter,0.00,8.578MiB
1,A-izhodisce,obremenitev,7,cadvisor,10.14,43.5MiB
1,A-izhodisce,obremenitev,7,grafana,0.41,53.38MiB
1,A-izhodisce,obremenitev,7,elasticsearch,9.79,1.952GiB
1,A-izhodisce,obremenitev,7,kibana,13.95,649.6MiB
1,A-izhodisce,obremenitev,7,logstash,26.83,804MiB
1,A-izhodisce,obremenitev,7,alertmanager,0.39,19.6MiB
1,A-izhodisce,obremenitev,8,prometheus,0.16,48.64MiB
1,A-izhodisce,obremenitev,8,node-exporter,0.00,8.277MiB
1,A-izhodisce,obremenitev,8,cadvisor,3.51,43.5MiB
1,A-izhodisce,obremenitev,8,grafana,1.34,53.38MiB
1,A-izhodisce,obremenitev,8,elasticsearch,13.42,1.952GiB
1,A-izhodisce,obremenitev,8,kibana,15.09,649.6MiB
1,A-izhodisce,obremenitev,8,logstash,55.21,804.9MiB
1,A-izhodisce,obremenitev,8,alertmanager,3.81,20MiB
1,A-izhodisce,obremenitev,9,prometheus,0.09,48.64MiB
1,A-izhodisce,obremenitev,9,node-exporter,0.00,8.277MiB
1,A-izhodisce,obremenitev,9,cadvisor,2.79,43.52MiB
1,A-izhodisce,obremenitev,9,grafana,0.29,53.38MiB
1,A-izhodisce,obremenitev,9,elasticsearch,12.67,1.952GiB
1,A-izhodisce,obremenitev,9,kibana,12.97,649.6MiB
1,A-izhodisce,obremenitev,9,logstash,23.77,805MiB
1,A-izhodisce,obremenitev,9,alertmanager,0.36,20MiB
1,A-izhodisce,obremenitev,10,prometheus,1.68,48.64MiB
1,A-izhodisce,obremenitev,10,node-exporter,4.12,8.273MiB
1,A-izhodisce,obremenitev,10,cadvisor,3.98,44.54MiB
1,A-izhodisce,obremenitev,10,grafana,0.94,53.38MiB
1,A-izhodisce,obremenitev,10,elasticsearch,27.04,1.952GiB
1,A-izhodisce,obremenitev,10,kibana,13.02,649.6MiB
1,A-izhodisce,obremenitev,10,logstash,29.91,805MiB
1,A-izhodisce,obremenitev,10,alertmanager,0.85,20MiB
1,B-brez-stdout,mirovanje,1,prometheus,0.03,50.73MiB
1,B-brez-stdout,mirovanje,1,node-exporter,0.00,8.547MiB
1,B-brez-stdout,mirovanje,1,cadvisor,3.60,43.95MiB
1,B-brez-stdout,mirovanje,1,grafana,0.25,53.39MiB
1,B-brez-stdout,mirovanje,1,elasticsearch,3.08,1.96GiB
1,B-brez-stdout,mirovanje,1,kibana,10.69,650.3MiB
1,B-brez-stdout,mirovanje,1,logstash,12.37,671.1MiB
1,B-brez-stdout,mirovanje,1,alertmanager,0.21,20.53MiB
1,B-brez-stdout,mirovanje,2,prometheus,2.12,50.75MiB
1,B-brez-stdout,mirovanje,2,node-exporter,3.53,8.574MiB
1,B-brez-stdout,mirovanje,2,cadvisor,3.56,44.42MiB
1,B-brez-stdout,mirovanje,2,grafana,0.15,53.39MiB
1,B-brez-stdout,mirovanje,2,elasticsearch,79.29,1.96GiB
1,B-brez-stdout,mirovanje,2,kibana,19.90,650.3MiB
1,B-brez-stdout,mirovanje,2,logstash,17.52,671.3MiB
1,B-brez-stdout,mirovanje,2,alertmanager,0.28,20.53MiB
1,B-brez-stdout,mirovanje,3,prometheus,0.00,50.74MiB
1,B-brez-stdout,mirovanje,3,node-exporter,0.00,8.574MiB
1,B-brez-stdout,mirovanje,3,cadvisor,3.13,44.43MiB
1,B-brez-stdout,mirovanje,3,grafana,0.29,53.39MiB
1,B-brez-stdout,mirovanje,3,elasticsearch,3.06,1.96GiB
1,B-brez-stdout,mirovanje,3,kibana,11.15,650.3MiB
1,B-brez-stdout,mirovanje,3,logstash,7.51,671.4MiB
1,B-brez-stdout,mirovanje,3,alertmanager,0.65,20.53MiB
1,B-brez-stdout,mirovanje,4,prometheus,0.14,50.74MiB
1,B-brez-stdout,mirovanje,4,node-exporter,0.00,8.574MiB
1,B-brez-stdout,mirovanje,4,cadvisor,5.33,44.42MiB
1,B-brez-stdout,mirovanje,4,grafana,0.06,53.4MiB
1,B-brez-stdout,mirovanje,4,elasticsearch,2.20,1.96GiB
1,B-brez-stdout,mirovanje,4,kibana,11.20,650.3MiB
1,B-brez-stdout,mirovanje,4,logstash,6.49,671.5MiB
1,B-brez-stdout,mirovanje,4,alertmanager,0.25,20.53MiB
1,B-brez-stdout,mirovanje,5,prometheus,0.49,50.75MiB
1,B-brez-stdout,mirovanje,5,node-exporter,0.00,8.57MiB
1,B-brez-stdout,mirovanje,5,cadvisor,6.49,44.42MiB
1,B-brez-stdout,mirovanje,5,grafana,0.63,53.4MiB
1,B-brez-stdout,mirovanje,5,elasticsearch,2.51,1.96GiB
1,B-brez-stdout,mirovanje,5,kibana,12.93,650.3MiB
1,B-brez-stdout,mirovanje,5,logstash,3.81,671.8MiB
1,B-brez-stdout,mirovanje,5,alertmanager,1.61,20.55MiB
1,B-brez-stdout,mirovanje,6,prometheus,0.09,50.75MiB
1,B-brez-stdout,mirovanje,6,node-exporter,0.00,8.57MiB
1,B-brez-stdout,mirovanje,6,cadvisor,3.53,44.43MiB
1,B-brez-stdout,mirovanje,6,grafana,0.14,53.4MiB
1,B-brez-stdout,mirovanje,6,elasticsearch,2.78,1.96GiB
1,B-brez-stdout,mirovanje,6,kibana,9.02,650.3MiB
1,B-brez-stdout,mirovanje,6,logstash,2.71,672.2MiB
1,B-brez-stdout,mirovanje,6,alertmanager,0.71,19.38MiB
1,B-brez-stdout,mirovanje,7,prometheus,0.00,50.74MiB
1,B-brez-stdout,mirovanje,7,node-exporter,0.00,8.57MiB
1,B-brez-stdout,mirovanje,7,cadvisor,3.20,44.43MiB
1,B-brez-stdout,mirovanje,7,grafana,0.55,53.4MiB
1,B-brez-stdout,mirovanje,7,elasticsearch,3.28,1.96GiB
1,B-brez-stdout,mirovanje,7,kibana,10.95,650.3MiB
1,B-brez-stdout,mirovanje,7,logstash,4.39,672.7MiB
1,B-brez-stdout,mirovanje,7,alertmanager,0.53,19.38MiB
1,B-brez-stdout,mirovanje,8,prometheus,0.12,50.75MiB
1,B-brez-stdout,mirovanje,8,node-exporter,0.00,8.578MiB
1,B-brez-stdout,mirovanje,8,cadvisor,1.32,44.82MiB
1,B-brez-stdout,mirovanje,8,grafana,0.10,53.4MiB
1,B-brez-stdout,mirovanje,8,elasticsearch,1.36,1.96GiB
1,B-brez-stdout,mirovanje,8,kibana,5.72,650.3MiB
1,B-brez-stdout,mirovanje,8,logstash,1.63,672.8MiB
1,B-brez-stdout,mirovanje,8,alertmanager,0.65,19.38MiB
1,B-brez-stdout,mirovanje,9,prometheus,0.32,50.75MiB
1,B-brez-stdout,mirovanje,9,node-exporter,0.00,8.578MiB
1,B-brez-stdout,mirovanje,9,cadvisor,1.80,44.82MiB
1,B-brez-stdout,mirovanje,9,grafana,0.27,53.4MiB
1,B-brez-stdout,mirovanje,9,elasticsearch,1.96,1.96GiB
1,B-brez-stdout,mirovanje,9,kibana,7.75,650.3MiB
1,B-brez-stdout,mirovanje,9,logstash,5.32,672.9MiB
1,B-brez-stdout,mirovanje,9,alertmanager,0.19,19.38MiB
1,B-brez-stdout,mirovanje,10,prometheus,0.31,50.75MiB
1,B-brez-stdout,mirovanje,10,node-exporter,0.00,8.578MiB
1,B-brez-stdout,mirovanje,10,cadvisor,4.86,44.84MiB
1,B-brez-stdout,mirovanje,10,grafana,0.05,53.4MiB
1,B-brez-stdout,mirovanje,10,elasticsearch,1.02,1.96GiB
1,B-brez-stdout,mirovanje,10,kibana,5.98,650.3MiB
1,B-brez-stdout,mirovanje,10,logstash,18.77,673MiB
1,B-brez-stdout,mirovanje,10,alertmanager,0.24,19.38MiB
1,B-brez-stdout,obremenitev,1,prometheus,0.06,49.15MiB
1,B-brez-stdout,obremenitev,1,node-exporter,0.00,8.914MiB
1,B-brez-stdout,obremenitev,1,cadvisor,2.05,44.54MiB
1,B-brez-stdout,obremenitev,1,grafana,0.37,53.41MiB
1,B-brez-stdout,obremenitev,1,elasticsearch,7.26,1.961GiB
1,B-brez-stdout,obremenitev,1,kibana,9.08,650.3MiB
1,B-brez-stdout,obremenitev,1,logstash,28.21,761.7MiB
1,B-brez-stdout,obremenitev,1,alertmanager,0.50,20.08MiB
1,B-brez-stdout,obremenitev,2,prometheus,0.33,49.15MiB
1,B-brez-stdout,obremenitev,2,node-exporter,0.00,8.914MiB
1,B-brez-stdout,obremenitev,2,cadvisor,2.60,44.59MiB
1,B-brez-stdout,obremenitev,2,grafana,0.23,53.41MiB
1,B-brez-stdout,obremenitev,2,elasticsearch,17.13,1.961GiB
1,B-brez-stdout,obremenitev,2,kibana,12.50,650.3MiB
1,B-brez-stdout,obremenitev,2,logstash,28.95,761.7MiB
1,B-brez-stdout,obremenitev,2,alertmanager,0.37,20.08MiB
1,B-brez-stdout,obremenitev,3,prometheus,1.00,49.15MiB
1,B-brez-stdout,obremenitev,3,node-exporter,0.00,8.914MiB
1,B-brez-stdout,obremenitev,3,cadvisor,7.53,44.58MiB
1,B-brez-stdout,obremenitev,3,grafana,0.04,53.41MiB
1,B-brez-stdout,obremenitev,3,elasticsearch,11.66,1.961GiB
1,B-brez-stdout,obremenitev,3,kibana,15.10,650.4MiB
1,B-brez-stdout,obremenitev,3,logstash,25.20,762.2MiB
1,B-brez-stdout,obremenitev,3,alertmanager,0.20,20.08MiB
1,B-brez-stdout,obremenitev,4,prometheus,0.00,49.15MiB
1,B-brez-stdout,obremenitev,4,node-exporter,0.00,8.516MiB
1,B-brez-stdout,obremenitev,4,cadvisor,6.82,44.58MiB
1,B-brez-stdout,obremenitev,4,grafana,0.14,53.41MiB
1,B-brez-stdout,obremenitev,4,elasticsearch,10.95,1.961GiB
1,B-brez-stdout,obremenitev,4,kibana,15.79,650.4MiB
1,B-brez-stdout,obremenitev,4,logstash,21.32,762.4MiB
1,B-brez-stdout,obremenitev,4,alertmanager,1.49,20.08MiB
1,B-brez-stdout,obremenitev,5,prometheus,0.00,49.15MiB
1,B-brez-stdout,obremenitev,5,node-exporter,0.00,8.516MiB
1,B-brez-stdout,obremenitev,5,cadvisor,4.11,44.59MiB
1,B-brez-stdout,obremenitev,5,grafana,0.44,53.41MiB
1,B-brez-stdout,obremenitev,5,elasticsearch,12.57,1.961GiB
1,B-brez-stdout,obremenitev,5,kibana,15.33,650.4MiB
1,B-brez-stdout,obremenitev,5,logstash,32.34,762.6MiB
1,B-brez-stdout,obremenitev,5,alertmanager,0.38,20.08MiB
1,B-brez-stdout,obremenitev,6,prometheus,2.55,49.16MiB
1,B-brez-stdout,obremenitev,6,node-exporter,0.00,8.516MiB
1,B-brez-stdout,obremenitev,6,cadvisor,7.04,43.72MiB
1,B-brez-stdout,obremenitev,6,grafana,0.26,53.41MiB
1,B-brez-stdout,obremenitev,6,elasticsearch,9.12,1.961GiB
1,B-brez-stdout,obremenitev,6,kibana,15.38,650.4MiB
1,B-brez-stdout,obremenitev,6,logstash,46.33,776.6MiB
1,B-brez-stdout,obremenitev,6,alertmanager,0.21,20.08MiB
1,B-brez-stdout,obremenitev,7,prometheus,0.05,49.15MiB
1,B-brez-stdout,obremenitev,7,node-exporter,0.00,8.512MiB
1,B-brez-stdout,obremenitev,7,cadvisor,3.52,43.73MiB
1,B-brez-stdout,obremenitev,7,grafana,0.12,53.41MiB
1,B-brez-stdout,obremenitev,7,elasticsearch,7.98,1.961GiB
1,B-brez-stdout,obremenitev,7,kibana,11.05,650.4MiB
1,B-brez-stdout,obremenitev,7,logstash,27.39,776.6MiB
1,B-brez-stdout,obremenitev,7,alertmanager,0.56,20.08MiB
1,B-brez-stdout,obremenitev,8,prometheus,0.06,49.15MiB
1,B-brez-stdout,obremenitev,8,node-exporter,0.00,8.512MiB
1,B-brez-stdout,obremenitev,8,cadvisor,5.27,43.74MiB
1,B-brez-stdout,obremenitev,8,grafana,0.22,53.41MiB
1,B-brez-stdout,obremenitev,8,elasticsearch,10.12,1.961GiB
1,B-brez-stdout,obremenitev,8,kibana,11.63,650.4MiB
1,B-brez-stdout,obremenitev,8,logstash,24.64,776.6MiB
1,B-brez-stdout,obremenitev,8,alertmanager,0.31,20.08MiB
1,B-brez-stdout,obremenitev,9,prometheus,3.33,48.17MiB
1,B-brez-stdout,obremenitev,9,node-exporter,2.46,8.512MiB
1,B-brez-stdout,obremenitev,9,cadvisor,3.44,43.74MiB
1,B-brez-stdout,obremenitev,9,grafana,0.12,53.41MiB
1,B-brez-stdout,obremenitev,9,elasticsearch,7.40,1.961GiB
1,B-brez-stdout,obremenitev,9,kibana,8.39,650.4MiB
1,B-brez-stdout,obremenitev,9,logstash,15.13,776.6MiB
1,B-brez-stdout,obremenitev,9,alertmanager,0.41,20.08MiB
1,B-brez-stdout,obremenitev,10,prometheus,0.17,48.17MiB
1,B-brez-stdout,obremenitev,10,node-exporter,0.00,8.512MiB
1,B-brez-stdout,obremenitev,10,cadvisor,1.37,43.74MiB
1,B-brez-stdout,obremenitev,10,grafana,0.17,53.41MiB
1,B-brez-stdout,obremenitev,10,elasticsearch,6.93,1.961GiB
1,B-brez-stdout,obremenitev,10,kibana,8.39,650.4MiB
1,B-brez-stdout,obremenitev,10,logstash,21.47,776.7MiB
1,B-brez-stdout,obremenitev,10,alertmanager,0.20,20.08MiB
1,C-samo-filter,mirovanje,1,prometheus,0.00,50.24MiB
1,C-samo-filter,mirovanje,1,node-exporter,0.00,8.566MiB
1,C-samo-filter,mirovanje,1,cadvisor,2.86,45.7MiB
1,C-samo-filter,mirovanje,1,grafana,0.33,53.21MiB
1,C-samo-filter,mirovanje,1,elasticsearch,4.26,1.97GiB
1,C-samo-filter,mirovanje,1,kibana,14.10,651.4MiB
1,C-samo-filter,mirovanje,1,logstash,4.43,765.7MiB
1,C-samo-filter,mirovanje,1,alertmanager,0.26,20.17MiB
1,C-samo-filter,mirovanje,2,prometheus,0.11,50.38MiB
1,C-samo-filter,mirovanje,2,node-exporter,2.54,8.566MiB
1,C-samo-filter,mirovanje,2,cadvisor,4.11,45.69MiB
1,C-samo-filter,mirovanje,2,grafana,0.30,53.21MiB
1,C-samo-filter,mirovanje,2,elasticsearch,3.20,1.97GiB
1,C-samo-filter,mirovanje,2,kibana,11.89,651.4MiB
1,C-samo-filter,mirovanje,2,logstash,2.65,765.8MiB
1,C-samo-filter,mirovanje,2,alertmanager,0.40,20.17MiB
1,C-samo-filter,mirovanje,3,prometheus,0.07,50.25MiB
1,C-samo-filter,mirovanje,3,node-exporter,0.00,8.562MiB
1,C-samo-filter,mirovanje,3,cadvisor,7.14,45.82MiB
1,C-samo-filter,mirovanje,3,grafana,0.22,53.21MiB
1,C-samo-filter,mirovanje,3,elasticsearch,2.00,1.97GiB
1,C-samo-filter,mirovanje,3,kibana,13.11,651.4MiB
1,C-samo-filter,mirovanje,3,logstash,2.67,766MiB
1,C-samo-filter,mirovanje,3,alertmanager,0.64,20.17MiB
1,C-samo-filter,mirovanje,4,prometheus,0.00,50.25MiB
1,C-samo-filter,mirovanje,4,node-exporter,0.00,8.562MiB
1,C-samo-filter,mirovanje,4,cadvisor,6.25,45.7MiB
1,C-samo-filter,mirovanje,4,grafana,0.30,53.21MiB
1,C-samo-filter,mirovanje,4,elasticsearch,3.95,1.97GiB
1,C-samo-filter,mirovanje,4,kibana,16.42,651.7MiB
1,C-samo-filter,mirovanje,4,logstash,9.52,766.1MiB
1,C-samo-filter,mirovanje,4,alertmanager,0.45,20.17MiB
1,C-samo-filter,mirovanje,5,prometheus,0.84,50.25MiB
1,C-samo-filter,mirovanje,5,node-exporter,0.49,8.664MiB
1,C-samo-filter,mirovanje,5,cadvisor,2.59,45.7MiB
1,C-samo-filter,mirovanje,5,grafana,4.06,53.22MiB
1,C-samo-filter,mirovanje,5,elasticsearch,1.97,1.97GiB
1,C-samo-filter,mirovanje,5,kibana,8.55,651.7MiB
1,C-samo-filter,mirovanje,5,logstash,9.58,766.2MiB
1,C-samo-filter,mirovanje,5,alertmanager,0.41,20.17MiB
1,C-samo-filter,mirovanje,6,prometheus,0.00,50.25MiB
1,C-samo-filter,mirovanje,6,node-exporter,0.00,8.664MiB
1,C-samo-filter,mirovanje,6,cadvisor,1.63,45.7MiB
1,C-samo-filter,mirovanje,6,grafana,0.06,53.22MiB
1,C-samo-filter,mirovanje,6,elasticsearch,4.34,1.97GiB
1,C-samo-filter,mirovanje,6,kibana,9.23,651.7MiB
1,C-samo-filter,mirovanje,6,logstash,7.73,766.5MiB
1,C-samo-filter,mirovanje,6,alertmanager,0.24,20.18MiB
1,C-samo-filter,mirovanje,7,prometheus,0.00,50.25MiB
1,C-samo-filter,mirovanje,7,node-exporter,0.00,8.664MiB
1,C-samo-filter,mirovanje,7,cadvisor,2.59,45.7MiB
1,C-samo-filter,mirovanje,7,grafana,0.30,53.21MiB
1,C-samo-filter,mirovanje,7,elasticsearch,2.15,1.97GiB
1,C-samo-filter,mirovanje,7,kibana,8.16,651.7MiB
1,C-samo-filter,mirovanje,7,logstash,25.68,766.9MiB
1,C-samo-filter,mirovanje,7,alertmanager,0.26,20.18MiB
1,C-samo-filter,mirovanje,8,prometheus,0.00,50.88MiB
1,C-samo-filter,mirovanje,8,node-exporter,0.00,8.668MiB
1,C-samo-filter,mirovanje,8,cadvisor,2.23,45.71MiB
1,C-samo-filter,mirovanje,8,grafana,0.19,53.21MiB
1,C-samo-filter,mirovanje,8,elasticsearch,1.72,1.97GiB
1,C-samo-filter,mirovanje,8,kibana,5.79,651.7MiB
1,C-samo-filter,mirovanje,8,logstash,8.77,767.2MiB
1,C-samo-filter,mirovanje,8,alertmanager,0.83,20.18MiB
1,C-samo-filter,mirovanje,9,prometheus,0.00,50.89MiB
1,C-samo-filter,mirovanje,9,node-exporter,0.00,8.668MiB
1,C-samo-filter,mirovanje,9,cadvisor,6.06,45.7MiB
1,C-samo-filter,mirovanje,9,grafana,0.21,53.21MiB
1,C-samo-filter,mirovanje,9,elasticsearch,34.60,1.97GiB
1,C-samo-filter,mirovanje,9,kibana,17.53,651.7MiB
1,C-samo-filter,mirovanje,9,logstash,9.37,767.3MiB
1,C-samo-filter,mirovanje,9,alertmanager,0.23,20.18MiB
1,C-samo-filter,mirovanje,10,prometheus,0.05,50.89MiB
1,C-samo-filter,mirovanje,10,node-exporter,0.00,8.668MiB
1,C-samo-filter,mirovanje,10,cadvisor,4.82,43.39MiB
1,C-samo-filter,mirovanje,10,grafana,0.18,53.21MiB
1,C-samo-filter,mirovanje,10,elasticsearch,3.58,1.97GiB
1,C-samo-filter,mirovanje,10,kibana,10.72,651.7MiB
1,C-samo-filter,mirovanje,10,logstash,6.87,767.5MiB
1,C-samo-filter,mirovanje,10,alertmanager,0.17,20.18MiB
1,C-samo-filter,obremenitev,1,prometheus,0.00,50.9MiB
1,C-samo-filter,obremenitev,1,node-exporter,0.00,8.523MiB
1,C-samo-filter,obremenitev,1,cadvisor,3.02,45.09MiB
1,C-samo-filter,obremenitev,1,grafana,0.10,53.22MiB
1,C-samo-filter,obremenitev,1,elasticsearch,7.00,1.97GiB
1,C-samo-filter,obremenitev,1,kibana,10.27,652MiB
1,C-samo-filter,obremenitev,1,logstash,43.91,816.5MiB
1,C-samo-filter,obremenitev,1,alertmanager,1.03,20.19MiB
1,C-samo-filter,obremenitev,2,prometheus,0.15,50.9MiB
1,C-samo-filter,obremenitev,2,node-exporter,0.00,8.523MiB
1,C-samo-filter,obremenitev,2,cadvisor,2.59,43.7MiB
1,C-samo-filter,obremenitev,2,grafana,0.26,53.22MiB
1,C-samo-filter,obremenitev,2,elasticsearch,8.40,1.97GiB
1,C-samo-filter,obremenitev,2,kibana,11.61,652.1MiB
1,C-samo-filter,obremenitev,2,logstash,76.70,818.5MiB
1,C-samo-filter,obremenitev,2,alertmanager,0.31,20.19MiB
1,C-samo-filter,obremenitev,3,prometheus,1.94,50.91MiB
1,C-samo-filter,obremenitev,3,node-exporter,0.00,8.523MiB
1,C-samo-filter,obremenitev,3,cadvisor,8.60,43.99MiB
1,C-samo-filter,obremenitev,3,grafana,0.24,53.22MiB
1,C-samo-filter,obremenitev,3,elasticsearch,11.37,1.97GiB
1,C-samo-filter,obremenitev,3,kibana,15.14,652.3MiB
1,C-samo-filter,obremenitev,3,logstash,38.51,818.8MiB
1,C-samo-filter,obremenitev,3,alertmanager,0.27,20.19MiB
1,C-samo-filter,obremenitev,4,prometheus,0.10,50.91MiB
1,C-samo-filter,obremenitev,4,node-exporter,0.00,8.691MiB
1,C-samo-filter,obremenitev,4,cadvisor,4.16,43.99MiB
1,C-samo-filter,obremenitev,4,grafana,0.14,53.22MiB
1,C-samo-filter,obremenitev,4,elasticsearch,8.11,1.97GiB
1,C-samo-filter,obremenitev,4,kibana,11.96,652.3MiB
1,C-samo-filter,obremenitev,4,logstash,57.58,819.6MiB
1,C-samo-filter,obremenitev,4,alertmanager,0.38,20.19MiB
1,C-samo-filter,obremenitev,5,prometheus,0.09,50.91MiB
1,C-samo-filter,obremenitev,5,node-exporter,0.00,8.691MiB
1,C-samo-filter,obremenitev,5,cadvisor,4.72,43.99MiB
1,C-samo-filter,obremenitev,5,grafana,0.70,53.23MiB
1,C-samo-filter,obremenitev,5,elasticsearch,9.21,1.97GiB
1,C-samo-filter,obremenitev,5,kibana,14.97,652.3MiB
1,C-samo-filter,obremenitev,5,logstash,55.11,820MiB
1,C-samo-filter,obremenitev,5,alertmanager,0.33,20.19MiB
1,C-samo-filter,obremenitev,6,prometheus,2.18,50.93MiB
1,C-samo-filter,obremenitev,6,node-exporter,0.00,8.691MiB
1,C-samo-filter,obremenitev,6,cadvisor,3.26,44.07MiB
1,C-samo-filter,obremenitev,6,grafana,0.25,53.23MiB
1,C-samo-filter,obremenitev,6,elasticsearch,6.66,1.97GiB
1,C-samo-filter,obremenitev,6,kibana,11.57,652.5MiB
1,C-samo-filter,obremenitev,6,logstash,20.95,820.2MiB
1,C-samo-filter,obremenitev,6,alertmanager,0.34,20.19MiB
1,C-samo-filter,obremenitev,7,prometheus,0.00,50.91MiB
1,C-samo-filter,obremenitev,7,node-exporter,0.00,8.715MiB
1,C-samo-filter,obremenitev,7,cadvisor,2.86,44.19MiB
1,C-samo-filter,obremenitev,7,grafana,0.05,53.23MiB
1,C-samo-filter,obremenitev,7,elasticsearch,13.44,1.97GiB
1,C-samo-filter,obremenitev,7,kibana,12.21,652.6MiB
1,C-samo-filter,obremenitev,7,logstash,21.70,820.2MiB
1,C-samo-filter,obremenitev,7,alertmanager,0.47,20.2MiB
1,C-samo-filter,obremenitev,8,prometheus,0.00,50.91MiB
1,C-samo-filter,obremenitev,8,node-exporter,0.00,8.715MiB
1,C-samo-filter,obremenitev,8,cadvisor,3.16,44.06MiB
1,C-samo-filter,obremenitev,8,grafana,0.06,53.23MiB
1,C-samo-filter,obremenitev,8,elasticsearch,9.25,1.975GiB
1,C-samo-filter,obremenitev,8,kibana,15.39,652.6MiB
1,C-samo-filter,obremenitev,8,logstash,39.74,820.3MiB
1,C-samo-filter,obremenitev,8,alertmanager,1.10,19.77MiB
1,C-samo-filter,obremenitev,9,prometheus,0.06,50.91MiB
1,C-samo-filter,obremenitev,9,node-exporter,0.00,8.715MiB
1,C-samo-filter,obremenitev,9,cadvisor,2.39,44.21MiB
1,C-samo-filter,obremenitev,9,grafana,0.11,53.23MiB
1,C-samo-filter,obremenitev,9,elasticsearch,7.58,1.975GiB
1,C-samo-filter,obremenitev,9,kibana,11.90,652.8MiB
1,C-samo-filter,obremenitev,9,logstash,19.36,820.4MiB
1,C-samo-filter,obremenitev,9,alertmanager,0.26,19.77MiB
1,C-samo-filter,obremenitev,10,prometheus,0.08,50.91MiB
1,C-samo-filter,obremenitev,10,node-exporter,0.00,8.832MiB
1,C-samo-filter,obremenitev,10,cadvisor,2.29,44.21MiB
1,C-samo-filter,obremenitev,10,grafana,0.31,53.23MiB
1,C-samo-filter,obremenitev,10,elasticsearch,5.52,1.975GiB
1,C-samo-filter,obremenitev,10,kibana,8.38,652.8MiB
1,C-samo-filter,obremenitev,10,logstash,15.65,820.6MiB
1,C-samo-filter,obremenitev,10,alertmanager,0.57,19.77MiB
1,D-oboje,mirovanje,1,prometheus,0.03,51.41MiB
1,D-oboje,mirovanje,1,node-exporter,0.00,8.527MiB
1,D-oboje,mirovanje,1,cadvisor,2.52,43.28MiB
1,D-oboje,mirovanje,1,grafana,0.06,53.23MiB
1,D-oboje,mirovanje,1,elasticsearch,3.01,1.976GiB
1,D-oboje,mirovanje,1,kibana,7.16,652.9MiB
1,D-oboje,mirovanje,1,logstash,3.45,720.9MiB
1,D-oboje,mirovanje,1,alertmanager,0.18,22.14MiB
1,D-oboje,mirovanje,2,prometheus,0.25,51.41MiB
1,D-oboje,mirovanje,2,node-exporter,1.49,8.621MiB
1,D-oboje,mirovanje,2,cadvisor,1.25,43.91MiB
1,D-oboje,mirovanje,2,grafana,0.04,53.23MiB
1,D-oboje,mirovanje,2,elasticsearch,1.38,1.976GiB
1,D-oboje,mirovanje,2,kibana,5.50,652.9MiB
1,D-oboje,mirovanje,2,logstash,2.66,721.1MiB
1,D-oboje,mirovanje,2,alertmanager,0.23,22.14MiB
1,D-oboje,mirovanje,3,prometheus,0.03,51.41MiB
1,D-oboje,mirovanje,3,node-exporter,0.00,8.531MiB
1,D-oboje,mirovanje,3,cadvisor,1.07,43.92MiB
1,D-oboje,mirovanje,3,grafana,0.25,53.23MiB
1,D-oboje,mirovanje,3,elasticsearch,1.69,1.976GiB
1,D-oboje,mirovanje,3,kibana,6.84,652.9MiB
1,D-oboje,mirovanje,3,logstash,3.23,721.2MiB
1,D-oboje,mirovanje,3,alertmanager,0.39,22.14MiB
1,D-oboje,mirovanje,4,prometheus,0.06,51.41MiB
1,D-oboje,mirovanje,4,node-exporter,0.00,8.531MiB
1,D-oboje,mirovanje,4,cadvisor,1.50,43.75MiB
1,D-oboje,mirovanje,4,grafana,0.15,53.23MiB
1,D-oboje,mirovanje,4,elasticsearch,2.93,1.976GiB
1,D-oboje,mirovanje,4,kibana,6.47,652.9MiB
1,D-oboje,mirovanje,4,logstash,2.85,721.4MiB
1,D-oboje,mirovanje,4,alertmanager,0.16,22.14MiB
1,D-oboje,mirovanje,5,prometheus,0.84,51.41MiB
1,D-oboje,mirovanje,5,node-exporter,1.53,8.449MiB
1,D-oboje,mirovanje,5,cadvisor,1.70,43.75MiB
1,D-oboje,mirovanje,5,grafana,0.06,53.23MiB
1,D-oboje,mirovanje,5,elasticsearch,3.03,1.976GiB
1,D-oboje,mirovanje,5,kibana,7.61,652.9MiB
1,D-oboje,mirovanje,5,logstash,5.05,721.5MiB
1,D-oboje,mirovanje,5,alertmanager,0.20,22.14MiB
1,D-oboje,mirovanje,6,prometheus,0.00,51.41MiB
1,D-oboje,mirovanje,6,node-exporter,0.00,8.449MiB
1,D-oboje,mirovanje,6,cadvisor,2.96,43.86MiB
1,D-oboje,mirovanje,6,grafana,0.23,53.23MiB
1,D-oboje,mirovanje,6,elasticsearch,1.61,1.976GiB
1,D-oboje,mirovanje,6,kibana,6.26,652.9MiB
1,D-oboje,mirovanje,6,logstash,1.41,721.5MiB
1,D-oboje,mirovanje,6,alertmanager,0.24,22.15MiB
1,D-oboje,mirovanje,7,prometheus,0.00,51.41MiB
1,D-oboje,mirovanje,7,node-exporter,0.00,8.449MiB
1,D-oboje,mirovanje,7,cadvisor,2.25,43.74MiB
1,D-oboje,mirovanje,7,grafana,0.08,53.23MiB
1,D-oboje,mirovanje,7,elasticsearch,1.24,1.976GiB
1,D-oboje,mirovanje,7,kibana,4.13,652.9MiB
1,D-oboje,mirovanje,7,logstash,10.84,721.8MiB
1,D-oboje,mirovanje,7,alertmanager,0.23,22.15MiB
1,D-oboje,mirovanje,8,prometheus,0.39,51.41MiB
1,D-oboje,mirovanje,8,node-exporter,0.00,8.449MiB
1,D-oboje,mirovanje,8,cadvisor,2.42,43.81MiB
1,D-oboje,mirovanje,8,grafana,0.09,53.23MiB
1,D-oboje,mirovanje,8,elasticsearch,7.12,1.976GiB
1,D-oboje,mirovanje,8,kibana,4.32,652.9MiB
1,D-oboje,mirovanje,8,logstash,4.26,722.1MiB
1,D-oboje,mirovanje,8,alertmanager,0.22,22.15MiB
1,D-oboje,mirovanje,9,prometheus,0.00,51.41MiB
1,D-oboje,mirovanje,9,node-exporter,0.00,8.449MiB
1,D-oboje,mirovanje,9,cadvisor,1.89,43.81MiB
1,D-oboje,mirovanje,9,grafana,0.06,53.23MiB
1,D-oboje,mirovanje,9,elasticsearch,1.27,1.975GiB
1,D-oboje,mirovanje,9,kibana,3.94,652.9MiB
1,D-oboje,mirovanje,9,logstash,2.92,722.1MiB
1,D-oboje,mirovanje,9,alertmanager,0.30,22.15MiB
1,D-oboje,mirovanje,10,prometheus,0.00,51.41MiB
1,D-oboje,mirovanje,10,node-exporter,0.00,8.449MiB
1,D-oboje,mirovanje,10,cadvisor,2.02,43.81MiB
1,D-oboje,mirovanje,10,grafana,0.08,53.23MiB
1,D-oboje,mirovanje,10,elasticsearch,1.47,1.975GiB
1,D-oboje,mirovanje,10,kibana,3.55,652.9MiB
1,D-oboje,mirovanje,10,logstash,4.29,722.3MiB
1,D-oboje,mirovanje,10,alertmanager,0.11,22.15MiB
1,D-oboje,obremenitev,1,prometheus,0.00,51.44MiB
1,D-oboje,obremenitev,1,node-exporter,0.00,8.668MiB
1,D-oboje,obremenitev,1,cadvisor,3.38,44.32MiB
1,D-oboje,obremenitev,1,grafana,0.30,53.25MiB
1,D-oboje,obremenitev,1,elasticsearch,28.67,1.976GiB
1,D-oboje,obremenitev,1,kibana,17.86,652.9MiB
1,D-oboje,obremenitev,1,logstash,42.90,748.1MiB
1,D-oboje,obremenitev,1,alertmanager,1.43,21.1MiB
1,D-oboje,obremenitev,2,prometheus,1.28,51.44MiB
1,D-oboje,obremenitev,2,node-exporter,0.00,8.668MiB
1,D-oboje,obremenitev,2,cadvisor,6.72,44.32MiB
1,D-oboje,obremenitev,2,grafana,1.00,53.25MiB
1,D-oboje,obremenitev,2,elasticsearch,13.22,1.976GiB
1,D-oboje,obremenitev,2,kibana,17.83,652.9MiB
1,D-oboje,obremenitev,2,logstash,38.48,748.2MiB
1,D-oboje,obremenitev,2,alertmanager,0.67,21.1MiB
1,D-oboje,obremenitev,3,prometheus,0.20,51.44MiB
1,D-oboje,obremenitev,3,node-exporter,0.00,8.668MiB
1,D-oboje,obremenitev,3,cadvisor,4.58,44.33MiB
1,D-oboje,obremenitev,3,grafana,0.40,52.99MiB
1,D-oboje,obremenitev,3,elasticsearch,9.56,1.976GiB
1,D-oboje,obremenitev,3,kibana,13.40,652.9MiB
1,D-oboje,obremenitev,3,logstash,31.10,748.7MiB
1,D-oboje,obremenitev,3,alertmanager,0.36,21.1MiB
1,D-oboje,obremenitev,4,prometheus,0.18,51.45MiB
1,D-oboje,obremenitev,4,node-exporter,0.00,8.848MiB
1,D-oboje,obremenitev,4,cadvisor,4.74,45.21MiB
1,D-oboje,obremenitev,4,grafana,9.16,52.99MiB
1,D-oboje,obremenitev,4,elasticsearch,9.69,1.976GiB
1,D-oboje,obremenitev,4,kibana,13.97,652.9MiB
1,D-oboje,obremenitev,4,logstash,25.05,750.8MiB
1,D-oboje,obremenitev,4,alertmanager,0.43,21.1MiB
1,D-oboje,obremenitev,5,prometheus,1.01,51.44MiB
1,D-oboje,obremenitev,5,node-exporter,0.00,8.848MiB
1,D-oboje,obremenitev,5,cadvisor,4.84,45.09MiB
1,D-oboje,obremenitev,5,grafana,0.09,52.99MiB
1,D-oboje,obremenitev,5,elasticsearch,14.61,1.976GiB
1,D-oboje,obremenitev,5,kibana,18.07,652.9MiB
1,D-oboje,obremenitev,5,logstash,34.97,750.9MiB
1,D-oboje,obremenitev,5,alertmanager,0.34,21.1MiB
1,D-oboje,obremenitev,6,prometheus,2.65,51.46MiB
1,D-oboje,obremenitev,6,node-exporter,0.00,8.848MiB
1,D-oboje,obremenitev,6,cadvisor,7.52,45.74MiB
1,D-oboje,obremenitev,6,grafana,0.15,52.99MiB
1,D-oboje,obremenitev,6,elasticsearch,6.87,1.976GiB
1,D-oboje,obremenitev,6,kibana,12.56,652.9MiB
1,D-oboje,obremenitev,6,logstash,23.12,766.3MiB
1,D-oboje,obremenitev,6,alertmanager,0.26,21.1MiB
1,D-oboje,obremenitev,7,prometheus,0.00,51.44MiB
1,D-oboje,obremenitev,7,node-exporter,0.00,8.988MiB
1,D-oboje,obremenitev,7,cadvisor,4.46,45.79MiB
1,D-oboje,obremenitev,7,grafana,0.14,52.99MiB
1,D-oboje,obremenitev,7,elasticsearch,8.93,1.976GiB
1,D-oboje,obremenitev,7,kibana,12.16,652.9MiB
1,D-oboje,obremenitev,7,logstash,22.40,766.3MiB
1,D-oboje,obremenitev,7,alertmanager,1.39,21.1MiB
1,D-oboje,obremenitev,8,prometheus,0.00,51.44MiB
1,D-oboje,obremenitev,8,node-exporter,0.00,8.988MiB
1,D-oboje,obremenitev,8,cadvisor,3.35,45.79MiB
1,D-oboje,obremenitev,8,grafana,0.19,52.99MiB
1,D-oboje,obremenitev,8,elasticsearch,9.48,1.976GiB
1,D-oboje,obremenitev,8,kibana,11.59,652.9MiB
1,D-oboje,obremenitev,8,logstash,24.16,766.4MiB
1,D-oboje,obremenitev,8,alertmanager,0.32,21.1MiB
1,D-oboje,obremenitev,9,prometheus,0.04,51.45MiB
1,D-oboje,obremenitev,9,node-exporter,0.00,8.988MiB
1,D-oboje,obremenitev,9,cadvisor,4.09,45.79MiB
1,D-oboje,obremenitev,9,grafana,0.37,52.99MiB
1,D-oboje,obremenitev,9,elasticsearch,10.47,1.976GiB
1,D-oboje,obremenitev,9,kibana,15.29,652.9MiB
1,D-oboje,obremenitev,9,logstash,34.06,766.4MiB
1,D-oboje,obremenitev,9,alertmanager,0.22,21.1MiB
1,D-oboje,obremenitev,10,prometheus,0.10,51.45MiB
1,D-oboje,obremenitev,10,node-exporter,0.00,9.133MiB
1,D-oboje,obremenitev,10,cadvisor,12.52,43.42MiB
1,D-oboje,obremenitev,10,grafana,0.13,53MiB
1,D-oboje,obremenitev,10,elasticsearch,40.91,1.976GiB
1,D-oboje,obremenitev,10,kibana,16.90,652.9MiB
1,D-oboje,obremenitev,10,logstash,48.85,766.5MiB
1,D-oboje,obremenitev,10,alertmanager,0.45,21.1MiB
1,E-paketno,mirovanje,1,prometheus,0.00,53MiB
1,E-paketno,mirovanje,1,node-exporter,0.00,8.625MiB
1,E-paketno,mirovanje,1,cadvisor,3.89,44.83MiB
1,E-paketno,mirovanje,1,grafana,0.10,53.25MiB
1,E-paketno,mirovanje,1,elasticsearch,2.70,1.976GiB
1,E-paketno,mirovanje,1,kibana,10.44,633.5MiB
1,E-paketno,mirovanje,1,logstash,12.74,792.3MiB
1,E-paketno,mirovanje,1,alertmanager,0.49,21.25MiB
1,E-paketno,mirovanje,2,prometheus,8.97,53.57MiB
1,E-paketno,mirovanje,2,node-exporter,0.00,8.625MiB
1,E-paketno,mirovanje,2,cadvisor,5.32,44.83MiB
1,E-paketno,mirovanje,2,grafana,0.09,53.25MiB
1,E-paketno,mirovanje,2,elasticsearch,2.41,1.976GiB
1,E-paketno,mirovanje,2,kibana,13.37,633.5MiB
1,E-paketno,mirovanje,2,logstash,18.26,792.4MiB
1,E-paketno,mirovanje,2,alertmanager,0.29,21.25MiB
1,E-paketno,mirovanje,3,prometheus,0.00,53.57MiB
1,E-paketno,mirovanje,3,node-exporter,0.00,8.629MiB
1,E-paketno,mirovanje,3,cadvisor,3.22,44.84MiB
1,E-paketno,mirovanje,3,grafana,0.13,53.25MiB
1,E-paketno,mirovanje,3,elasticsearch,3.90,1.976GiB
1,E-paketno,mirovanje,3,kibana,9.42,633.5MiB
1,E-paketno,mirovanje,3,logstash,8.78,792.5MiB
1,E-paketno,mirovanje,3,alertmanager,0.65,21.25MiB
1,E-paketno,mirovanje,4,prometheus,0.00,53.58MiB
1,E-paketno,mirovanje,4,node-exporter,0.00,8.629MiB
1,E-paketno,mirovanje,4,cadvisor,3.78,44.84MiB
1,E-paketno,mirovanje,4,grafana,0.29,53.25MiB
1,E-paketno,mirovanje,4,elasticsearch,3.26,1.976GiB
1,E-paketno,mirovanje,4,kibana,8.70,633.8MiB
1,E-paketno,mirovanje,4,logstash,7.45,792.8MiB
1,E-paketno,mirovanje,4,alertmanager,0.38,21.25MiB
1,E-paketno,mirovanje,5,prometheus,1.64,53.61MiB
1,E-paketno,mirovanje,5,node-exporter,0.00,8.629MiB
1,E-paketno,mirovanje,5,cadvisor,3.43,44.84MiB
1,E-paketno,mirovanje,5,grafana,0.05,53.25MiB
1,E-paketno,mirovanje,5,elasticsearch,1.72,1.976GiB
1,E-paketno,mirovanje,5,kibana,7.49,636.5MiB
1,E-paketno,mirovanje,5,logstash,2.26,792.7MiB
1,E-paketno,mirovanje,5,alertmanager,0.16,21.25MiB
1,E-paketno,mirovanje,6,prometheus,0.00,53.59MiB
1,E-paketno,mirovanje,6,node-exporter,0.00,8.785MiB
1,E-paketno,mirovanje,6,cadvisor,7.04,44.84MiB
1,E-paketno,mirovanje,6,grafana,0.07,53.25MiB
1,E-paketno,mirovanje,6,elasticsearch,1.72,1.976GiB
1,E-paketno,mirovanje,6,kibana,8.54,639.9MiB
1,E-paketno,mirovanje,6,logstash,1.54,793MiB
1,E-paketno,mirovanje,6,alertmanager,0.78,21.25MiB
1,E-paketno,mirovanje,7,prometheus,0.23,53.59MiB
1,E-paketno,mirovanje,7,node-exporter,0.00,8.785MiB
1,E-paketno,mirovanje,7,cadvisor,2.10,44.84MiB
1,E-paketno,mirovanje,7,grafana,0.50,53.26MiB
1,E-paketno,mirovanje,7,elasticsearch,2.19,1.976GiB
1,E-paketno,mirovanje,7,kibana,10.85,640.1MiB
1,E-paketno,mirovanje,7,logstash,2.00,793.2MiB
1,E-paketno,mirovanje,7,alertmanager,0.58,21.25MiB
1,E-paketno,mirovanje,8,prometheus,0.74,53.6MiB
1,E-paketno,mirovanje,8,node-exporter,4.80,8.918MiB
1,E-paketno,mirovanje,8,cadvisor,4.53,44.9MiB
1,E-paketno,mirovanje,8,grafana,0.37,53.26MiB
1,E-paketno,mirovanje,8,elasticsearch,2.69,1.976GiB
1,E-paketno,mirovanje,8,kibana,11.12,640.2MiB
1,E-paketno,mirovanje,8,logstash,4.17,793.4MiB
1,E-paketno,mirovanje,8,alertmanager,0.69,21.26MiB
1,E-paketno,mirovanje,9,prometheus,0.03,53.59MiB
1,E-paketno,mirovanje,9,node-exporter,0.00,8.918MiB
1,E-paketno,mirovanje,9,cadvisor,4.52,45.03MiB
1,E-paketno,mirovanje,9,grafana,0.16,53.26MiB
1,E-paketno,mirovanje,9,elasticsearch,3.16,1.976GiB
1,E-paketno,mirovanje,9,kibana,8.35,640.2MiB
1,E-paketno,mirovanje,9,logstash,2.29,793.5MiB
1,E-paketno,mirovanje,9,alertmanager,0.50,21.25MiB
1,E-paketno,mirovanje,10,prometheus,0.17,53.59MiB
1,E-paketno,mirovanje,10,node-exporter,0.00,8.918MiB
1,E-paketno,mirovanje,10,cadvisor,4.09,44.91MiB
1,E-paketno,mirovanje,10,grafana,0.17,53.26MiB
1,E-paketno,mirovanje,10,elasticsearch,1.51,1.976GiB
1,E-paketno,mirovanje,10,kibana,7.14,640.3MiB
1,E-paketno,mirovanje,10,logstash,1.87,793.6MiB
1,E-paketno,mirovanje,10,alertmanager,0.13,18.82MiB
1,E-paketno,obremenitev,1,prometheus,0.60,53.68MiB
1,E-paketno,obremenitev,1,node-exporter,0.00,8.938MiB
1,E-paketno,obremenitev,1,cadvisor,3.90,46.13MiB
1,E-paketno,obremenitev,1,grafana,0.24,53.26MiB
1,E-paketno,obremenitev,1,elasticsearch,3.08,1.976GiB
1,E-paketno,obremenitev,1,kibana,9.96,653.4MiB
1,E-paketno,obremenitev,1,logstash,5.82,794.9MiB
1,E-paketno,obremenitev,1,alertmanager,0.47,20.82MiB
1,E-paketno,obremenitev,2,prometheus,0.00,53.68MiB
1,E-paketno,obremenitev,2,node-exporter,0.00,8.938MiB
1,E-paketno,obremenitev,2,cadvisor,3.51,46.27MiB
1,E-paketno,obremenitev,2,grafana,0.14,53.26MiB
1,E-paketno,obremenitev,2,elasticsearch,1.52,1.976GiB
1,E-paketno,obremenitev,2,kibana,9.68,653.4MiB
1,E-paketno,obremenitev,2,logstash,13.33,794.9MiB
1,E-paketno,obremenitev,2,alertmanager,0.36,20.89MiB
1,E-paketno,obremenitev,3,prometheus,0.00,53.68MiB
1,E-paketno,obremenitev,3,node-exporter,0.00,8.938MiB
1,E-paketno,obremenitev,3,cadvisor,2.33,46.14MiB
1,E-paketno,obremenitev,3,grafana,0.03,53.26MiB
1,E-paketno,obremenitev,3,elasticsearch,1.19,1.976GiB
1,E-paketno,obremenitev,3,kibana,6.53,653.5MiB
1,E-paketno,obremenitev,3,logstash,10.32,794.9MiB
1,E-paketno,obremenitev,3,alertmanager,0.23,20.89MiB
1,E-paketno,obremenitev,4,prometheus,0.00,53.68MiB
1,E-paketno,obremenitev,4,node-exporter,3.26,8.941MiB
1,E-paketno,obremenitev,4,cadvisor,2.70,47.04MiB
1,E-paketno,obremenitev,4,grafana,0.08,53.26MiB
1,E-paketno,obremenitev,4,elasticsearch,1.15,1.976GiB
1,E-paketno,obremenitev,4,kibana,9.83,653.5MiB
1,E-paketno,obremenitev,4,logstash,12.79,794.9MiB
1,E-paketno,obremenitev,4,alertmanager,0.56,20.89MiB
1,E-paketno,obremenitev,5,prometheus,0.56,53.68MiB
1,E-paketno,obremenitev,5,node-exporter,0.00,8.941MiB
1,E-paketno,obremenitev,5,cadvisor,2.03,47.04MiB
1,E-paketno,obremenitev,5,grafana,0.16,53.26MiB
1,E-paketno,obremenitev,5,elasticsearch,2.02,1.976GiB
1,E-paketno,obremenitev,5,kibana,6.78,653.5MiB
1,E-paketno,obremenitev,5,logstash,5.85,796.9MiB
1,E-paketno,obremenitev,5,alertmanager,0.18,20.89MiB
1,E-paketno,obremenitev,6,prometheus,0.06,53.68MiB
1,E-paketno,obremenitev,6,node-exporter,0.00,8.941MiB
1,E-paketno,obremenitev,6,cadvisor,3.20,47.04MiB
1,E-paketno,obremenitev,6,grafana,0.02,53.26MiB
1,E-paketno,obremenitev,6,elasticsearch,1.00,1.976GiB
1,E-paketno,obremenitev,6,kibana,6.14,653.5MiB
1,E-paketno,obremenitev,6,logstash,7.35,796.9MiB
1,E-paketno,obremenitev,6,alertmanager,0.17,20.89MiB
1,E-paketno,obremenitev,7,prometheus,0.28,53.68MiB
1,E-paketno,obremenitev,7,node-exporter,0.00,8.941MiB
1,E-paketno,obremenitev,7,cadvisor,1.94,46.11MiB
1,E-paketno,obremenitev,7,grafana,0.04,53.26MiB
1,E-paketno,obremenitev,7,elasticsearch,1.09,1.976GiB
1,E-paketno,obremenitev,7,kibana,6.04,653.5MiB
1,E-paketno,obremenitev,7,logstash,7.07,796.8MiB
1,E-paketno,obremenitev,7,alertmanager,0.48,20.9MiB
1,E-paketno,obremenitev,8,prometheus,0.18,53.68MiB
1,E-paketno,obremenitev,8,node-exporter,0.00,8.941MiB
1,E-paketno,obremenitev,8,cadvisor,0.67,45.99MiB
1,E-paketno,obremenitev,8,grafana,0.54,53.3MiB
1,E-paketno,obremenitev,8,elasticsearch,2.91,1.976GiB
1,E-paketno,obremenitev,8,kibana,6.71,653.5MiB
1,E-paketno,obremenitev,8,logstash,5.77,801.1MiB
1,E-paketno,obremenitev,8,alertmanager,0.16,20.9MiB
1,E-paketno,obremenitev,9,prometheus,1.69,53.68MiB
1,E-paketno,obremenitev,9,node-exporter,0.00,8.941MiB
1,E-paketno,obremenitev,9,cadvisor,11.52,46.62MiB
1,E-paketno,obremenitev,9,grafana,0.18,53.28MiB
1,E-paketno,obremenitev,9,elasticsearch,39.34,1.976GiB
1,E-paketno,obremenitev,9,kibana,17.75,653.5MiB
1,E-paketno,obremenitev,9,logstash,13.43,801.1MiB
1,E-paketno,obremenitev,9,alertmanager,0.22,20.9MiB
1,E-paketno,obremenitev,10,prometheus,0.03,53.7MiB
1,E-paketno,obremenitev,10,node-exporter,0.00,8.762MiB
1,E-paketno,obremenitev,10,cadvisor,3.14,46.62MiB
1,E-paketno,obremenitev,10,grafana,0.04,53.28MiB
1,E-paketno,obremenitev,10,elasticsearch,2.26,1.976GiB
1,E-paketno,obremenitev,10,kibana,6.18,653.5MiB
1,E-paketno,obremenitev,10,logstash,4.30,801.1MiB
1,E-paketno,obremenitev,10,alertmanager,0.50,20.91MiB
2,A-izhodisce,mirovanje,1,prometheus,0.03,53.32MiB
2,A-izhodisce,mirovanje,1,node-exporter,0.00,8.992MiB
2,A-izhodisce,mirovanje,1,cadvisor,3.64,45.27MiB
2,A-izhodisce,mirovanje,1,grafana,0.12,53.29MiB
2,A-izhodisce,mirovanje,1,elasticsearch,4.00,1.976GiB
2,A-izhodisce,mirovanje,1,kibana,5.37,657.6MiB
2,A-izhodisce,mirovanje,1,logstash,1.63,666.6MiB
2,A-izhodisce,mirovanje,1,alertmanager,0.15,21.72MiB
2,A-izhodisce,mirovanje,2,prometheus,0.12,53.32MiB
2,A-izhodisce,mirovanje,2,node-exporter,0.00,8.992MiB
2,A-izhodisce,mirovanje,2,cadvisor,1.58,45.37MiB
2,A-izhodisce,mirovanje,2,grafana,0.05,53.29MiB
2,A-izhodisce,mirovanje,2,elasticsearch,1.07,1.976GiB
2,A-izhodisce,mirovanje,2,kibana,2.87,657.6MiB
2,A-izhodisce,mirovanje,2,logstash,2.52,668.7MiB
2,A-izhodisce,mirovanje,2,alertmanager,0.09,21.72MiB
2,A-izhodisce,mirovanje,3,prometheus,1.12,53.32MiB
2,A-izhodisce,mirovanje,3,node-exporter,1.10,9.145MiB
2,A-izhodisce,mirovanje,3,cadvisor,1.99,45.37MiB
2,A-izhodisce,mirovanje,3,grafana,0.04,53.29MiB
2,A-izhodisce,mirovanje,3,elasticsearch,1.10,1.976GiB
2,A-izhodisce,mirovanje,3,kibana,3.42,657.6MiB
2,A-izhodisce,mirovanje,3,logstash,3.98,668.8MiB
2,A-izhodisce,mirovanje,3,alertmanager,0.12,21.72MiB
2,A-izhodisce,mirovanje,4,prometheus,0.07,53.32MiB
2,A-izhodisce,mirovanje,4,node-exporter,0.00,9.145MiB
2,A-izhodisce,mirovanje,4,cadvisor,3.15,45.37MiB
2,A-izhodisce,mirovanje,4,grafana,0.12,53.29MiB
2,A-izhodisce,mirovanje,4,elasticsearch,1.28,1.976GiB
2,A-izhodisce,mirovanje,4,kibana,3.94,657.6MiB
2,A-izhodisce,mirovanje,4,logstash,5.91,671MiB
2,A-izhodisce,mirovanje,4,alertmanager,0.20,21.73MiB
2,A-izhodisce,mirovanje,5,prometheus,0.00,53.32MiB
2,A-izhodisce,mirovanje,5,node-exporter,0.00,9.145MiB
2,A-izhodisce,mirovanje,5,cadvisor,0.47,45.37MiB
2,A-izhodisce,mirovanje,5,grafana,0.15,53.29MiB
2,A-izhodisce,mirovanje,5,elasticsearch,1.53,1.976GiB
2,A-izhodisce,mirovanje,5,kibana,4.07,657.6MiB
2,A-izhodisce,mirovanje,5,logstash,3.94,671.3MiB
2,A-izhodisce,mirovanje,5,alertmanager,0.17,21.73MiB
2,A-izhodisce,mirovanje,6,prometheus,0.78,54.66MiB
2,A-izhodisce,mirovanje,6,node-exporter,1.29,8.844MiB
2,A-izhodisce,mirovanje,6,cadvisor,1.44,45.37MiB
2,A-izhodisce,mirovanje,6,grafana,0.13,53.29MiB
2,A-izhodisce,mirovanje,6,elasticsearch,1.06,1.976GiB
2,A-izhodisce,mirovanje,6,kibana,4.31,657.6MiB
2,A-izhodisce,mirovanje,6,logstash,6.40,671.7MiB
2,A-izhodisce,mirovanje,6,alertmanager,0.74,21.75MiB
2,A-izhodisce,mirovanje,7,prometheus,0.11,54.65MiB
2,A-izhodisce,mirovanje,7,node-exporter,0.00,8.844MiB
2,A-izhodisce,mirovanje,7,cadvisor,0.79,45.37MiB
2,A-izhodisce,mirovanje,7,grafana,0.07,53.29MiB
2,A-izhodisce,mirovanje,7,elasticsearch,1.67,1.976GiB
2,A-izhodisce,mirovanje,7,kibana,3.26,657.6MiB
2,A-izhodisce,mirovanje,7,logstash,6.24,671.8MiB
2,A-izhodisce,mirovanje,7,alertmanager,0.17,21.75MiB
2,A-izhodisce,mirovanje,8,prometheus,0.00,54.65MiB
2,A-izhodisce,mirovanje,8,node-exporter,0.00,8.844MiB
2,A-izhodisce,mirovanje,8,cadvisor,1.57,43.97MiB
2,A-izhodisce,mirovanje,8,grafana,0.24,53.29MiB
2,A-izhodisce,mirovanje,8,elasticsearch,1.59,1.976GiB
2,A-izhodisce,mirovanje,8,kibana,4.28,657.6MiB
2,A-izhodisce,mirovanje,8,logstash,5.83,672.2MiB
2,A-izhodisce,mirovanje,8,alertmanager,0.15,21.75MiB
2,A-izhodisce,mirovanje,9,prometheus,0.05,54.65MiB
2,A-izhodisce,mirovanje,9,node-exporter,1.29,8.848MiB
2,A-izhodisce,mirovanje,9,cadvisor,2.19,44.67MiB
2,A-izhodisce,mirovanje,9,grafana,0.08,53.29MiB
2,A-izhodisce,mirovanje,9,elasticsearch,1.54,1.976GiB
2,A-izhodisce,mirovanje,9,kibana,8.66,657.6MiB
2,A-izhodisce,mirovanje,9,logstash,8.37,672.3MiB
2,A-izhodisce,mirovanje,9,alertmanager,0.66,21.85MiB
2,A-izhodisce,mirovanje,10,prometheus,0.00,54.65MiB
2,A-izhodisce,mirovanje,10,node-exporter,0.00,8.848MiB
2,A-izhodisce,mirovanje,10,cadvisor,1.93,44.55MiB
2,A-izhodisce,mirovanje,10,grafana,0.27,53.29MiB
2,A-izhodisce,mirovanje,10,elasticsearch,0.83,1.977GiB
2,A-izhodisce,mirovanje,10,kibana,3.64,657.7MiB
2,A-izhodisce,mirovanje,10,logstash,8.99,672.4MiB
2,A-izhodisce,mirovanje,10,alertmanager,0.49,21.86MiB
2,A-izhodisce,obremenitev,1,prometheus,0.00,54.61MiB
2,A-izhodisce,obremenitev,1,node-exporter,0.00,8.984MiB
2,A-izhodisce,obremenitev,1,cadvisor,5.10,44.43MiB
2,A-izhodisce,obremenitev,1,grafana,0.21,53.3MiB
2,A-izhodisce,obremenitev,1,elasticsearch,30.53,1.977GiB
2,A-izhodisce,obremenitev,1,kibana,24.38,657.7MiB
2,A-izhodisce,obremenitev,1,logstash,54.08,749.2MiB
2,A-izhodisce,obremenitev,1,alertmanager,0.26,20.48MiB
2,A-izhodisce,obremenitev,2,prometheus,0.00,54.61MiB
2,A-izhodisce,obremenitev,2,node-exporter,0.00,9.172MiB
2,A-izhodisce,obremenitev,2,cadvisor,3.10,44.44MiB
2,A-izhodisce,obremenitev,2,grafana,0.16,53.3MiB
2,A-izhodisce,obremenitev,2,elasticsearch,8.50,1.977GiB
2,A-izhodisce,obremenitev,2,kibana,12.42,657.7MiB
2,A-izhodisce,obremenitev,2,logstash,23.98,773.1MiB
2,A-izhodisce,obremenitev,2,alertmanager,1.20,21.12MiB
2,A-izhodisce,obremenitev,3,prometheus,3.90,54.61MiB
2,A-izhodisce,obremenitev,3,node-exporter,0.00,9.172MiB
2,A-izhodisce,obremenitev,3,cadvisor,2.03,44.44MiB
2,A-izhodisce,obremenitev,3,grafana,0.13,53.3MiB
2,A-izhodisce,obremenitev,3,elasticsearch,6.45,1.977GiB
2,A-izhodisce,obremenitev,3,kibana,10.07,657.7MiB
2,A-izhodisce,obremenitev,3,logstash,22.08,793.1MiB
2,A-izhodisce,obremenitev,3,alertmanager,0.39,21.12MiB
2,A-izhodisce,obremenitev,4,prometheus,0.00,54.61MiB
2,A-izhodisce,obremenitev,4,node-exporter,0.00,9.172MiB
2,A-izhodisce,obremenitev,4,cadvisor,2.27,44.43MiB
2,A-izhodisce,obremenitev,4,grafana,0.20,53.3MiB
2,A-izhodisce,obremenitev,4,elasticsearch,6.84,1.977GiB
2,A-izhodisce,obremenitev,4,kibana,8.18,657.7MiB
2,A-izhodisce,obremenitev,4,logstash,31.35,793.8MiB
2,A-izhodisce,obremenitev,4,alertmanager,0.20,21.12MiB
2,A-izhodisce,obremenitev,5,prometheus,0.12,54.61MiB
2,A-izhodisce,obremenitev,5,node-exporter,0.00,8.891MiB
2,A-izhodisce,obremenitev,5,cadvisor,2.82,45.07MiB
2,A-izhodisce,obremenitev,5,grafana,0.04,53.3MiB
2,A-izhodisce,obremenitev,5,elasticsearch,6.30,1.977GiB
2,A-izhodisce,obremenitev,5,kibana,10.13,657.7MiB
2,A-izhodisce,obremenitev,5,logstash,15.20,794.4MiB
2,A-izhodisce,obremenitev,5,alertmanager,1.34,21.12MiB
2,A-izhodisce,obremenitev,6,prometheus,0.47,54.61MiB
2,A-izhodisce,obremenitev,6,node-exporter,0.00,8.891MiB
2,A-izhodisce,obremenitev,6,cadvisor,3.01,45.07MiB
2,A-izhodisce,obremenitev,6,grafana,1.57,53.3MiB
2,A-izhodisce,obremenitev,6,elasticsearch,7.57,1.977GiB
2,A-izhodisce,obremenitev,6,kibana,11.32,657.7MiB
2,A-izhodisce,obremenitev,6,logstash,17.69,794.4MiB
2,A-izhodisce,obremenitev,6,alertmanager,0.34,21.12MiB
2,A-izhodisce,obremenitev,7,prometheus,1.54,54.61MiB
2,A-izhodisce,obremenitev,7,node-exporter,0.00,8.891MiB
2,A-izhodisce,obremenitev,7,cadvisor,13.96,46.86MiB
2,A-izhodisce,obremenitev,7,grafana,0.10,53.3MiB
2,A-izhodisce,obremenitev,7,elasticsearch,7.75,1.977GiB
2,A-izhodisce,obremenitev,7,kibana,12.35,657.7MiB
2,A-izhodisce,obremenitev,7,logstash,33.28,794.4MiB
2,A-izhodisce,obremenitev,7,alertmanager,0.47,21.12MiB
2,A-izhodisce,obremenitev,8,prometheus,0.24,54.61MiB
2,A-izhodisce,obremenitev,8,node-exporter,0.00,8.895MiB
2,A-izhodisce,obremenitev,8,cadvisor,6.27,47.39MiB
2,A-izhodisce,obremenitev,8,grafana,0.17,53.3MiB
2,A-izhodisce,obremenitev,8,elasticsearch,11.77,1.977GiB
2,A-izhodisce,obremenitev,8,kibana,15.23,657.7MiB
2,A-izhodisce,obremenitev,8,logstash,62.25,794.6MiB
2,A-izhodisce,obremenitev,8,alertmanager,0.90,21.12MiB
2,A-izhodisce,obremenitev,9,prometheus,0.00,54.61MiB
2,A-izhodisce,obremenitev,9,node-exporter,0.00,8.895MiB
2,A-izhodisce,obremenitev,9,cadvisor,4.19,47.39MiB
2,A-izhodisce,obremenitev,9,grafana,0.08,53.3MiB
2,A-izhodisce,obremenitev,9,elasticsearch,8.58,1.977GiB
2,A-izhodisce,obremenitev,9,kibana,11.75,657.7MiB
2,A-izhodisce,obremenitev,9,logstash,26.54,794.7MiB
2,A-izhodisce,obremenitev,9,alertmanager,2.26,20.97MiB
2,A-izhodisce,obremenitev,10,prometheus,2.20,54.62MiB
2,A-izhodisce,obremenitev,10,node-exporter,0.00,8.895MiB
2,A-izhodisce,obremenitev,10,cadvisor,3.31,47.44MiB
2,A-izhodisce,obremenitev,10,grafana,0.07,53.3MiB
2,A-izhodisce,obremenitev,10,elasticsearch,17.27,1.971GiB
2,A-izhodisce,obremenitev,10,kibana,14.68,657.7MiB
2,A-izhodisce,obremenitev,10,logstash,38.29,794.8MiB
2,A-izhodisce,obremenitev,10,alertmanager,0.33,20.97MiB
2,B-brez-stdout,mirovanje,1,prometheus,0.00,53.89MiB
2,B-brez-stdout,mirovanje,1,node-exporter,0.00,9.191MiB
2,B-brez-stdout,mirovanje,1,cadvisor,2.29,46.18MiB
2,B-brez-stdout,mirovanje,1,grafana,0.14,53.05MiB
2,B-brez-stdout,mirovanje,1,elasticsearch,2.02,1.972GiB
2,B-brez-stdout,mirovanje,1,kibana,10.28,657.9MiB
2,B-brez-stdout,mirovanje,1,logstash,17.00,684.8MiB
2,B-brez-stdout,mirovanje,1,alertmanager,0.40,21.33MiB
2,B-brez-stdout,mirovanje,2,prometheus,0.00,53.89MiB
2,B-brez-stdout,mirovanje,2,node-exporter,0.00,9.191MiB
2,B-brez-stdout,mirovanje,2,cadvisor,4.35,45.53MiB
2,B-brez-stdout,mirovanje,2,grafana,0.05,53.05MiB
2,B-brez-stdout,mirovanje,2,elasticsearch,2.73,1.972GiB
2,B-brez-stdout,mirovanje,2,kibana,11.11,657.9MiB
2,B-brez-stdout,mirovanje,2,logstash,10.14,685MiB
2,B-brez-stdout,mirovanje,2,alertmanager,0.19,21.33MiB
2,B-brez-stdout,mirovanje,3,prometheus,2.09,54.53MiB
2,B-brez-stdout,mirovanje,3,node-exporter,0.00,9.191MiB
2,B-brez-stdout,mirovanje,3,cadvisor,3.31,46.16MiB
2,B-brez-stdout,mirovanje,3,grafana,0.19,53.05MiB
2,B-brez-stdout,mirovanje,3,elasticsearch,6.03,1.972GiB
2,B-brez-stdout,mirovanje,3,kibana,12.05,657.9MiB
2,B-brez-stdout,mirovanje,3,logstash,9.01,685.3MiB
2,B-brez-stdout,mirovanje,3,alertmanager,0.60,21.33MiB
2,B-brez-stdout,mirovanje,4,prometheus,0.08,54.53MiB
2,B-brez-stdout,mirovanje,4,node-exporter,0.00,9.199MiB
2,B-brez-stdout,mirovanje,4,cadvisor,3.90,46.05MiB
2,B-brez-stdout,mirovanje,4,grafana,0.31,53.05MiB
2,B-brez-stdout,mirovanje,4,elasticsearch,3.46,1.972GiB
2,B-brez-stdout,mirovanje,4,kibana,8.86,657.9MiB
2,B-brez-stdout,mirovanje,4,logstash,2.55,686MiB
2,B-brez-stdout,mirovanje,4,alertmanager,0.79,21.34MiB
2,B-brez-stdout,mirovanje,5,prometheus,0.06,54.52MiB
2,B-brez-stdout,mirovanje,5,node-exporter,0.00,9.199MiB
2,B-brez-stdout,mirovanje,5,cadvisor,3.69,46.05MiB
2,B-brez-stdout,mirovanje,5,grafana,0.30,53.05MiB
2,B-brez-stdout,mirovanje,5,elasticsearch,2.02,1.972GiB
2,B-brez-stdout,mirovanje,5,kibana,8.24,657.9MiB
2,B-brez-stdout,mirovanje,5,logstash,2.30,687.8MiB
2,B-brez-stdout,mirovanje,5,alertmanager,0.56,19.59MiB
2,B-brez-stdout,mirovanje,6,prometheus,0.64,54.52MiB
2,B-brez-stdout,mirovanje,6,node-exporter,3.34,8.887MiB
2,B-brez-stdout,mirovanje,6,cadvisor,2.13,46.05MiB
2,B-brez-stdout,mirovanje,6,grafana,0.06,53.05MiB
2,B-brez-stdout,mirovanje,6,elasticsearch,1.86,1.972GiB
2,B-brez-stdout,mirovanje,6,kibana,8.48,657.9MiB
2,B-brez-stdout,mirovanje,6,logstash,2.29,688.8MiB
2,B-brez-stdout,mirovanje,6,alertmanager,0.19,19.59MiB
2,B-brez-stdout,mirovanje,7,prometheus,0.02,54.52MiB
2,B-brez-stdout,mirovanje,7,node-exporter,0.00,8.887MiB
2,B-brez-stdout,mirovanje,7,cadvisor,1.96,46.04MiB
2,B-brez-stdout,mirovanje,7,grafana,0.42,53.05MiB
2,B-brez-stdout,mirovanje,7,elasticsearch,2.04,1.972GiB
2,B-brez-stdout,mirovanje,7,kibana,5.63,657.9MiB
2,B-brez-stdout,mirovanje,7,logstash,1.53,689.9MiB
2,B-brez-stdout,mirovanje,7,alertmanager,0.25,19.59MiB
2,B-brez-stdout,mirovanje,8,prometheus,0.03,54.52MiB
2,B-brez-stdout,mirovanje,8,node-exporter,0.00,8.887MiB
2,B-brez-stdout,mirovanje,8,cadvisor,1.36,46.04MiB
2,B-brez-stdout,mirovanje,8,grafana,0.18,53.05MiB
2,B-brez-stdout,mirovanje,8,elasticsearch,1.15,1.972GiB
2,B-brez-stdout,mirovanje,8,kibana,4.39,657.9MiB
2,B-brez-stdout,mirovanje,8,logstash,1.39,691.5MiB
2,B-brez-stdout,mirovanje,8,alertmanager,0.22,19.59MiB
2,B-brez-stdout,mirovanje,9,prometheus,0.59,54.53MiB
2,B-brez-stdout,mirovanje,9,node-exporter,1.74,8.887MiB
2,B-brez-stdout,mirovanje,9,cadvisor,1.62,46.16MiB
2,B-brez-stdout,mirovanje,9,grafana,0.40,53.05MiB
2,B-brez-stdout,mirovanje,9,elasticsearch,1.14,1.972GiB
2,B-brez-stdout,mirovanje,9,kibana,4.81,657.9MiB
2,B-brez-stdout,mirovanje,9,logstash,1.75,692.3MiB
2,B-brez-stdout,mirovanje,9,alertmanager,0.13,19.59MiB
2,B-brez-stdout,mirovanje,10,prometheus,0.00,54.53MiB
2,B-brez-stdout,mirovanje,10,node-exporter,0.00,8.887MiB
2,B-brez-stdout,mirovanje,10,cadvisor,2.09,46.17MiB
2,B-brez-stdout,mirovanje,10,grafana,0.29,53.05MiB
2,B-brez-stdout,mirovanje,10,elasticsearch,2.29,1.972GiB
2,B-brez-stdout,mirovanje,10,kibana,6.06,657.9MiB
2,B-brez-stdout,mirovanje,10,logstash,1.85,693.3MiB
2,B-brez-stdout,mirovanje,10,alertmanager,0.13,19.59MiB
2,B-brez-stdout,obremenitev,1,prometheus,0.00,55.3MiB
2,B-brez-stdout,obremenitev,1,node-exporter,0.00,8.695MiB
2,B-brez-stdout,obremenitev,1,cadvisor,12.19,46.48MiB
2,B-brez-stdout,obremenitev,1,grafana,0.32,53.05MiB
2,B-brez-stdout,obremenitev,1,elasticsearch,17.57,1.972GiB
2,B-brez-stdout,obremenitev,1,kibana,18.22,658.9MiB
2,B-brez-stdout,obremenitev,1,logstash,45.69,781.5MiB
2,B-brez-stdout,obremenitev,1,alertmanager,0.26,21.23MiB
2,B-brez-stdout,obremenitev,2,prometheus,0.00,55.3MiB
2,B-brez-stdout,obremenitev,2,node-exporter,0.00,8.629MiB
2,B-brez-stdout,obremenitev,2,cadvisor,2.98,46.71MiB
2,B-brez-stdout,obremenitev,2,grafana,0.04,53.05MiB
2,B-brez-stdout,obremenitev,2,elasticsearch,8.50,1.972GiB
2,B-brez-stdout,obremenitev,2,kibana,10.04,658.9MiB
2,B-brez-stdout,obremenitev,2,logstash,55.76,781.8MiB
2,B-brez-stdout,obremenitev,2,alertmanager,0.82,21.23MiB
2,B-brez-stdout,obremenitev,3,prometheus,0.00,55.3MiB
2,B-brez-stdout,obremenitev,3,node-exporter,0.00,8.629MiB
2,B-brez-stdout,obremenitev,3,cadvisor,5.36,46.96MiB
2,B-brez-stdout,obremenitev,3,grafana,1.63,53.05MiB
2,B-brez-stdout,obremenitev,3,elasticsearch,8.98,1.972GiB
2,B-brez-stdout,obremenitev,3,kibana,15.04,658.9MiB
2,B-brez-stdout,obremenitev,3,logstash,29.67,781.8MiB
2,B-brez-stdout,obremenitev,3,alertmanager,0.21,21.23MiB
2,B-brez-stdout,obremenitev,4,prometheus,0.04,55.3MiB
2,B-brez-stdout,obremenitev,4,node-exporter,0.00,8.629MiB
2,B-brez-stdout,obremenitev,4,cadvisor,3.18,46.71MiB
2,B-brez-stdout,obremenitev,4,grafana,0.06,53.05MiB
2,B-brez-stdout,obremenitev,4,elasticsearch,6.83,1.972GiB
2,B-brez-stdout,obremenitev,4,kibana,8.19,658.9MiB
2,B-brez-stdout,obremenitev,4,logstash,15.14,782MiB
2,B-brez-stdout,obremenitev,4,alertmanager,0.33,21.23MiB
2,B-brez-stdout,obremenitev,5,prometheus,0.00,55.37MiB
2,B-brez-stdout,obremenitev,5,node-exporter,0.00,8.844MiB
2,B-brez-stdout,obremenitev,5,cadvisor,1.61,46.87MiB
2,B-brez-stdout,obremenitev,5,grafana,0.07,53.05MiB
2,B-brez-stdout,obremenitev,5,elasticsearch,6.63,1.972GiB
2,B-brez-stdout,obremenitev,5,kibana,8.96,658.9MiB
2,B-brez-stdout,obremenitev,5,logstash,23.03,782.8MiB
2,B-brez-stdout,obremenitev,5,alertmanager,0.43,21.23MiB
2,B-brez-stdout,obremenitev,6,prometheus,0.15,55.37MiB
2,B-brez-stdout,obremenitev,6,node-exporter,0.00,8.844MiB
2,B-brez-stdout,obremenitev,6,cadvisor,3.59,46.75MiB
2,B-brez-stdout,obremenitev,6,grafana,0.13,53.05MiB
2,B-brez-stdout,obremenitev,6,elasticsearch,6.73,1.972GiB
2,B-brez-stdout,obremenitev,6,kibana,7.66,658.9MiB
2,B-brez-stdout,obremenitev,6,logstash,15.86,784.1MiB
2,B-brez-stdout,obremenitev,6,alertmanager,0.27,21.23MiB
2,B-brez-stdout,obremenitev,7,prometheus,0.00,55.37MiB
2,B-brez-stdout,obremenitev,7,node-exporter,0.00,8.844MiB
2,B-brez-stdout,obremenitev,7,cadvisor,8.05,46.75MiB
2,B-brez-stdout,obremenitev,7,grafana,0.04,53.05MiB
2,B-brez-stdout,obremenitev,7,elasticsearch,9.77,1.972GiB
2,B-brez-stdout,obremenitev,7,kibana,8.69,658.9MiB
2,B-brez-stdout,obremenitev,7,logstash,16.08,799.6MiB
2,B-brez-stdout,obremenitev,7,alertmanager,0.22,21.23MiB
2,B-brez-stdout,obremenitev,8,prometheus,0.23,56MiB
2,B-brez-stdout,obremenitev,8,node-exporter,0.00,8.84MiB
2,B-brez-stdout,obremenitev,8,cadvisor,1.96,46.77MiB
2,B-brez-stdout,obremenitev,8,grafana,0.17,53.05MiB
2,B-brez-stdout,obremenitev,8,elasticsearch,7.55,1.972GiB
2,B-brez-stdout,obremenitev,8,kibana,9.48,658.9MiB
2,B-brez-stdout,obremenitev,8,logstash,21.61,799.7MiB
2,B-brez-stdout,obremenitev,8,alertmanager,0.78,21.23MiB
2,B-brez-stdout,obremenitev,9,prometheus,0.11,56MiB
2,B-brez-stdout,obremenitev,9,node-exporter,0.00,8.84MiB
2,B-brez-stdout,obremenitev,9,cadvisor,3.32,46.77MiB
2,B-brez-stdout,obremenitev,9,grafana,0.18,53.05MiB
2,B-brez-stdout,obremenitev,9,elasticsearch,59.74,1.972GiB
2,B-brez-stdout,obremenitev,9,kibana,9.58,658.9MiB
2,B-brez-stdout,obremenitev,9,logstash,12.71,799.7MiB
2,B-brez-stdout,obremenitev,9,alertmanager,0.23,21.23MiB
2,B-brez-stdout,obremenitev,10,prometheus,1.51,56MiB
2,B-brez-stdout,obremenitev,10,node-exporter,0.00,8.84MiB
2,B-brez-stdout,obremenitev,10,cadvisor,13.46,46.76MiB
2,B-brez-stdout,obremenitev,10,grafana,0.22,53.05MiB
2,B-brez-stdout,obremenitev,10,elasticsearch,10.47,1.972GiB
2,B-brez-stdout,obremenitev,10,kibana,12.42,658.9MiB
2,B-brez-stdout,obremenitev,10,logstash,31.03,799.7MiB
2,B-brez-stdout,obremenitev,10,alertmanager,0.31,21.23MiB
2,C-samo-filter,mirovanje,1,prometheus,0.02,54.21MiB
2,C-samo-filter,mirovanje,1,node-exporter,0.00,9.23MiB
2,C-samo-filter,mirovanje,1,cadvisor,1.53,43.91MiB
2,C-samo-filter,mirovanje,1,grafana,0.10,53.32MiB
2,C-samo-filter,mirovanje,1,elasticsearch,1.60,1.973GiB
2,C-samo-filter,mirovanje,1,kibana,5.81,660MiB
2,C-samo-filter,mirovanje,1,logstash,2.45,697.5MiB
2,C-samo-filter,mirovanje,1,alertmanager,0.16,20.94MiB
2,C-samo-filter,mirovanje,2,prometheus,0.33,54.23MiB
2,C-samo-filter,mirovanje,2,node-exporter,1.26,8.965MiB
2,C-samo-filter,mirovanje,2,cadvisor,1.66,44.69MiB
2,C-samo-filter,mirovanje,2,grafana,0.21,53.32MiB
2,C-samo-filter,mirovanje,2,elasticsearch,2.68,1.973GiB
2,C-samo-filter,mirovanje,2,kibana,4.20,660MiB
2,C-samo-filter,mirovanje,2,logstash,1.23,698.8MiB
2,C-samo-filter,mirovanje,2,alertmanager,0.18,20.94MiB
2,C-samo-filter,mirovanje,3,prometheus,0.01,54.21MiB
2,C-samo-filter,mirovanje,3,node-exporter,0.00,8.742MiB
2,C-samo-filter,mirovanje,3,cadvisor,3.80,44.69MiB
2,C-samo-filter,mirovanje,3,grafana,0.07,53.32MiB
2,C-samo-filter,mirovanje,3,elasticsearch,1.38,1.973GiB
2,C-samo-filter,mirovanje,3,kibana,3.01,660MiB
2,C-samo-filter,mirovanje,3,logstash,1.22,699.8MiB
2,C-samo-filter,mirovanje,3,alertmanager,0.34,20.94MiB
2,C-samo-filter,mirovanje,4,prometheus,0.07,54.21MiB
2,C-samo-filter,mirovanje,4,node-exporter,0.00,8.742MiB
2,C-samo-filter,mirovanje,4,cadvisor,1.48,44.68MiB
2,C-samo-filter,mirovanje,4,grafana,0.17,53.32MiB
2,C-samo-filter,mirovanje,4,elasticsearch,2.13,1.973GiB
2,C-samo-filter,mirovanje,4,kibana,3.92,660MiB
2,C-samo-filter,mirovanje,4,logstash,1.66,701.6MiB
2,C-samo-filter,mirovanje,4,alertmanager,0.14,20.94MiB
2,C-samo-filter,mirovanje,5,prometheus,0.33,54.22MiB
2,C-samo-filter,mirovanje,5,node-exporter,1.41,8.746MiB
2,C-samo-filter,mirovanje,5,cadvisor,1.65,44.75MiB
2,C-samo-filter,mirovanje,5,grafana,0.21,53.32MiB
2,C-samo-filter,mirovanje,5,elasticsearch,0.78,1.973GiB
2,C-samo-filter,mirovanje,5,kibana,2.65,660MiB
2,C-samo-filter,mirovanje,5,logstash,1.15,702.6MiB
2,C-samo-filter,mirovanje,5,alertmanager,0.08,20.94MiB
2,C-samo-filter,mirovanje,6,prometheus,0.08,54.22MiB
2,C-samo-filter,mirovanje,6,node-exporter,0.00,8.746MiB
2,C-samo-filter,mirovanje,6,cadvisor,1.50,44.75MiB
2,C-samo-filter,mirovanje,6,grafana,1.74,53.32MiB
2,C-samo-filter,mirovanje,6,elasticsearch,2.05,1.973GiB
2,C-samo-filter,mirovanje,6,kibana,3.60,660MiB
2,C-samo-filter,mirovanje,6,logstash,1.82,703.7MiB
2,C-samo-filter,mirovanje,6,alertmanager,0.22,20.94MiB
2,C-samo-filter,mirovanje,7,prometheus,0.01,54.22MiB
2,C-samo-filter,mirovanje,7,node-exporter,0.00,8.746MiB
2,C-samo-filter,mirovanje,7,cadvisor,1.00,44.75MiB
2,C-samo-filter,mirovanje,7,grafana,0.19,53.32MiB
2,C-samo-filter,mirovanje,7,elasticsearch,0.93,1.973GiB
2,C-samo-filter,mirovanje,7,kibana,3.86,660MiB
2,C-samo-filter,mirovanje,7,logstash,2.23,707.9MiB
2,C-samo-filter,mirovanje,7,alertmanager,0.12,20.94MiB
2,C-samo-filter,mirovanje,8,prometheus,0.57,54.22MiB
2,C-samo-filter,mirovanje,8,node-exporter,1.23,8.746MiB
2,C-samo-filter,mirovanje,8,cadvisor,1.55,45.32MiB
2,C-samo-filter,mirovanje,8,grafana,0.10,53.32MiB
2,C-samo-filter,mirovanje,8,elasticsearch,0.83,1.973GiB
2,C-samo-filter,mirovanje,8,kibana,2.64,660MiB
2,C-samo-filter,mirovanje,8,logstash,2.86,709.1MiB
2,C-samo-filter,mirovanje,8,alertmanager,0.11,20.94MiB
2,C-samo-filter,mirovanje,9,prometheus,0.00,54.22MiB
2,C-samo-filter,mirovanje,9,node-exporter,0.00,8.746MiB
2,C-samo-filter,mirovanje,9,cadvisor,1.34,45.31MiB
2,C-samo-filter,mirovanje,9,grafana,0.42,53.32MiB
2,C-samo-filter,mirovanje,9,elasticsearch,1.28,1.973GiB
2,C-samo-filter,mirovanje,9,kibana,3.44,660MiB
2,C-samo-filter,mirovanje,9,logstash,4.87,710.2MiB
2,C-samo-filter,mirovanje,9,alertmanager,0.19,20.94MiB
2,C-samo-filter,mirovanje,10,prometheus,0.00,54.22MiB
2,C-samo-filter,mirovanje,10,node-exporter,0.00,8.746MiB
2,C-samo-filter,mirovanje,10,cadvisor,2.37,45.32MiB
2,C-samo-filter,mirovanje,10,grafana,0.24,53.32MiB
2,C-samo-filter,mirovanje,10,elasticsearch,0.92,1.973GiB
2,C-samo-filter,mirovanje,10,kibana,3.25,660MiB
2,C-samo-filter,mirovanje,10,logstash,3.76,713.2MiB
2,C-samo-filter,mirovanje,10,alertmanager,0.11,20.94MiB
2,C-samo-filter,obremenitev,1,prometheus,0.42,55.7MiB
2,C-samo-filter,obremenitev,1,node-exporter,5.42,8.871MiB
2,C-samo-filter,obremenitev,1,cadvisor,4.21,45.6MiB
2,C-samo-filter,obremenitev,1,grafana,0.25,53.33MiB
2,C-samo-filter,obremenitev,1,elasticsearch,8.02,1.973GiB
2,C-samo-filter,obremenitev,1,kibana,12.56,660MiB
2,C-samo-filter,obremenitev,1,logstash,27.14,826.8MiB
2,C-samo-filter,obremenitev,1,alertmanager,1.29,21.58MiB
2,C-samo-filter,obremenitev,2,prometheus,0.00,55.7MiB
2,C-samo-filter,obremenitev,2,node-exporter,0.00,8.871MiB
2,C-samo-filter,obremenitev,2,cadvisor,3.03,45.6MiB
2,C-samo-filter,obremenitev,2,grafana,0.16,53.33MiB
2,C-samo-filter,obremenitev,2,elasticsearch,7.43,1.973GiB
2,C-samo-filter,obremenitev,2,kibana,10.56,660MiB
2,C-samo-filter,obremenitev,2,logstash,31.94,827.5MiB
2,C-samo-filter,obremenitev,2,alertmanager,0.35,21.58MiB
2,C-samo-filter,obremenitev,3,prometheus,0.00,55.7MiB
2,C-samo-filter,obremenitev,3,node-exporter,0.00,8.871MiB
2,C-samo-filter,obremenitev,3,cadvisor,5.89,45.6MiB
2,C-samo-filter,obremenitev,3,grafana,0.11,53.33MiB
2,C-samo-filter,obremenitev,3,elasticsearch,10.18,1.973GiB
2,C-samo-filter,obremenitev,3,kibana,11.88,660MiB
2,C-samo-filter,obremenitev,3,logstash,38.98,830.4MiB
2,C-samo-filter,obremenitev,3,alertmanager,0.38,21.58MiB
2,C-samo-filter,obremenitev,4,prometheus,0.05,55.86MiB
2,C-samo-filter,obremenitev,4,node-exporter,0.00,8.871MiB
2,C-samo-filter,obremenitev,4,cadvisor,2.20,46.37MiB
2,C-samo-filter,obremenitev,4,grafana,0.09,53.33MiB
2,C-samo-filter,obremenitev,4,elasticsearch,6.53,1.973GiB
2,C-samo-filter,obremenitev,4,kibana,7.67,660MiB
2,C-samo-filter,obremenitev,4,logstash,42.56,830.9MiB
2,C-samo-filter,obremenitev,4,alertmanager,1.84,21.58MiB
2,C-samo-filter,obremenitev,5,prometheus,0.97,55.87MiB
2,C-samo-filter,obremenitev,5,node-exporter,0.00,8.871MiB
2,C-samo-filter,obremenitev,5,cadvisor,3.67,46.37MiB
2,C-samo-filter,obremenitev,5,grafana,1.18,53.33MiB
2,C-samo-filter,obremenitev,5,elasticsearch,11.61,1.973GiB
2,C-samo-filter,obremenitev,5,kibana,13.30,660MiB
2,C-samo-filter,obremenitev,5,logstash,60.17,830.8MiB
2,C-samo-filter,obremenitev,5,alertmanager,0.44,21.58MiB
2,C-samo-filter,obremenitev,6,prometheus,0.86,55.87MiB
2,C-samo-filter,obremenitev,6,node-exporter,0.00,8.871MiB
2,C-samo-filter,obremenitev,6,cadvisor,11.32,44.38MiB
2,C-samo-filter,obremenitev,6,grafana,0.08,53.33MiB
2,C-samo-filter,obremenitev,6,elasticsearch,7.82,1.973GiB
2,C-samo-filter,obremenitev,6,kibana,8.80,660MiB
2,C-samo-filter,obremenitev,6,logstash,19.68,830.7MiB
2,C-samo-filter,obremenitev,6,alertmanager,0.64,21.58MiB
2,C-samo-filter,obremenitev,7,prometheus,0.14,55.87MiB
2,C-samo-filter,obremenitev,7,node-exporter,0.00,8.914MiB
2,C-samo-filter,obremenitev,7,cadvisor,2.83,44.37MiB
2,C-samo-filter,obremenitev,7,grafana,0.47,53.33MiB
2,C-samo-filter,obremenitev,7,elasticsearch,10.44,1.973GiB
2,C-samo-filter,obremenitev,7,kibana,10.67,660MiB
2,C-samo-filter,obremenitev,7,logstash,23.84,830.7MiB
2,C-samo-filter,obremenitev,7,alertmanager,0.37,21.58MiB
2,C-samo-filter,obremenitev,8,prometheus,0.08,55.87MiB
2,C-samo-filter,obremenitev,8,node-exporter,0.00,8.914MiB
2,C-samo-filter,obremenitev,8,cadvisor,2.38,44.38MiB
2,C-samo-filter,obremenitev,8,grafana,0.10,53.33MiB
2,C-samo-filter,obremenitev,8,elasticsearch,45.72,1.973GiB
2,C-samo-filter,obremenitev,8,kibana,7.73,660MiB
2,C-samo-filter,obremenitev,8,logstash,25.33,830.9MiB
2,C-samo-filter,obremenitev,8,alertmanager,0.24,21.58MiB
2,C-samo-filter,obremenitev,9,prometheus,1.22,55.87MiB
2,C-samo-filter,obremenitev,9,node-exporter,0.00,8.914MiB
2,C-samo-filter,obremenitev,9,cadvisor,8.25,44.69MiB
2,C-samo-filter,obremenitev,9,grafana,0.03,53.33MiB
2,C-samo-filter,obremenitev,9,elasticsearch,6.13,1.973GiB
2,C-samo-filter,obremenitev,9,kibana,5.36,660MiB
2,C-samo-filter,obremenitev,9,logstash,11.35,830.9MiB
2,C-samo-filter,obremenitev,9,alertmanager,0.19,19.77MiB
2,C-samo-filter,obremenitev,10,prometheus,0.08,55.87MiB
2,C-samo-filter,obremenitev,10,node-exporter,0.00,9.098MiB
2,C-samo-filter,obremenitev,10,cadvisor,2.54,44.69MiB
2,C-samo-filter,obremenitev,10,grafana,0.08,53.33MiB
2,C-samo-filter,obremenitev,10,elasticsearch,5.06,1.973GiB
2,C-samo-filter,obremenitev,10,kibana,5.02,660MiB
2,C-samo-filter,obremenitev,10,logstash,12.45,831MiB
2,C-samo-filter,obremenitev,10,alertmanager,0.42,19.77MiB
2,D-oboje,mirovanje,1,prometheus,0.25,52.66MiB
2,D-oboje,mirovanje,1,node-exporter,0.00,9.078MiB
2,D-oboje,mirovanje,1,cadvisor,2.58,45.72MiB
2,D-oboje,mirovanje,1,grafana,0.21,53.34MiB
2,D-oboje,mirovanje,1,elasticsearch,1.20,1.973GiB
2,D-oboje,mirovanje,1,kibana,5.63,660.1MiB
2,D-oboje,mirovanje,1,logstash,9.94,695MiB
2,D-oboje,mirovanje,1,alertmanager,0.18,19.71MiB
2,D-oboje,mirovanje,2,prometheus,0.00,52.66MiB
2,D-oboje,mirovanje,2,node-exporter,0.00,9.078MiB
2,D-oboje,mirovanje,2,cadvisor,1.68,45.72MiB
2,D-oboje,mirovanje,2,grafana,0.36,53.34MiB
2,D-oboje,mirovanje,2,elasticsearch,3.29,1.973GiB
2,D-oboje,mirovanje,2,kibana,5.46,660.1MiB
2,D-oboje,mirovanje,2,logstash,5.00,695.1MiB
2,D-oboje,mirovanje,2,alertmanager,0.28,19.71MiB
2,D-oboje,mirovanje,3,prometheus,0.00,52.67MiB
2,D-oboje,mirovanje,3,node-exporter,0.00,9.078MiB
2,D-oboje,mirovanje,3,cadvisor,1.86,45.72MiB
2,D-oboje,mirovanje,3,grafana,0.10,53.34MiB
2,D-oboje,mirovanje,3,elasticsearch,1.49,1.973GiB
2,D-oboje,mirovanje,3,kibana,4.43,660.1MiB
2,D-oboje,mirovanje,3,logstash,4.58,695.2MiB
2,D-oboje,mirovanje,3,alertmanager,0.15,19.71MiB
2,D-oboje,mirovanje,4,prometheus,0.41,53.38MiB
2,D-oboje,mirovanje,4,node-exporter,2.20,9.105MiB
2,D-oboje,mirovanje,4,cadvisor,4.82,44.53MiB
2,D-oboje,mirovanje,4,grafana,0.07,53.34MiB
2,D-oboje,mirovanje,4,elasticsearch,0.90,1.973GiB
2,D-oboje,mirovanje,4,kibana,4.21,660.1MiB
2,D-oboje,mirovanje,4,logstash,6.16,695.3MiB
2,D-oboje,mirovanje,4,alertmanager,0.95,19.71MiB
2,D-oboje,mirovanje,5,prometheus,0.66,53.38MiB
2,D-oboje,mirovanje,5,node-exporter,0.00,9.105MiB
2,D-oboje,mirovanje,5,cadvisor,0.91,44.53MiB
2,D-oboje,mirovanje,5,grafana,0.12,53.34MiB
2,D-oboje,mirovanje,5,elasticsearch,4.09,1.973GiB
2,D-oboje,mirovanje,5,kibana,4.35,660.1MiB
2,D-oboje,mirovanje,5,logstash,14.66,695.7MiB
2,D-oboje,mirovanje,5,alertmanager,0.23,19.71MiB
2,D-oboje,mirovanje,6,prometheus,0.00,53.38MiB
2,D-oboje,mirovanje,6,node-exporter,0.00,9.105MiB
2,D-oboje,mirovanje,6,cadvisor,1.22,44.66MiB
2,D-oboje,mirovanje,6,grafana,0.25,53.34MiB
2,D-oboje,mirovanje,6,elasticsearch,1.53,1.973GiB
2,D-oboje,mirovanje,6,kibana,4.84,660.1MiB
2,D-oboje,mirovanje,6,logstash,8.12,695.8MiB
2,D-oboje,mirovanje,6,alertmanager,0.24,19.4MiB
2,D-oboje,mirovanje,7,prometheus,0.27,53.78MiB
2,D-oboje,mirovanje,7,node-exporter,0.00,9.234MiB
2,D-oboje,mirovanje,7,cadvisor,1.66,42.53MiB
2,D-oboje,mirovanje,7,grafana,0.02,53.34MiB
2,D-oboje,mirovanje,7,elasticsearch,1.28,1.973GiB
2,D-oboje,mirovanje,7,kibana,4.10,660.1MiB
2,D-oboje,mirovanje,7,logstash,7.41,696MiB
2,D-oboje,mirovanje,7,alertmanager,0.43,19.4MiB
2,D-oboje,mirovanje,8,prometheus,0.00,53.78MiB
2,D-oboje,mirovanje,8,node-exporter,0.00,9.234MiB
2,D-oboje,mirovanje,8,cadvisor,1.82,42.64MiB
2,D-oboje,mirovanje,8,grafana,0.20,53.34MiB
2,D-oboje,mirovanje,8,elasticsearch,3.03,1.973GiB
2,D-oboje,mirovanje,8,kibana,3.95,660.1MiB
2,D-oboje,mirovanje,8,logstash,8.46,696.3MiB
2,D-oboje,mirovanje,8,alertmanager,0.24,19.4MiB
2,D-oboje,mirovanje,9,prometheus,0.00,53.78MiB
2,D-oboje,mirovanje,9,node-exporter,0.00,9.234MiB
2,D-oboje,mirovanje,9,cadvisor,2.07,42.52MiB
2,D-oboje,mirovanje,9,grafana,0.04,53.34MiB
2,D-oboje,mirovanje,9,elasticsearch,7.87,1.973GiB
2,D-oboje,mirovanje,9,kibana,10.77,660.2MiB
2,D-oboje,mirovanje,9,logstash,3.59,696.3MiB
2,D-oboje,mirovanje,9,alertmanager,0.16,19.4MiB
2,D-oboje,mirovanje,10,prometheus,0.00,53.77MiB
2,D-oboje,mirovanje,10,node-exporter,0.00,8.938MiB
2,D-oboje,mirovanje,10,cadvisor,1.20,42.53MiB
2,D-oboje,mirovanje,10,grafana,0.12,53.34MiB
2,D-oboje,mirovanje,10,elasticsearch,0.81,1.973GiB
2,D-oboje,mirovanje,10,kibana,3.21,660.2MiB
2,D-oboje,mirovanje,10,logstash,3.47,696.5MiB
2,D-oboje,mirovanje,10,alertmanager,0.31,19.4MiB
2,D-oboje,obremenitev,1,prometheus,0.07,55.19MiB
2,D-oboje,obremenitev,1,node-exporter,0.00,8.926MiB
2,D-oboje,obremenitev,1,cadvisor,2.16,43.25MiB
2,D-oboje,obremenitev,1,grafana,0.04,53.34MiB
2,D-oboje,obremenitev,1,elasticsearch,4.25,1.973GiB
2,D-oboje,obremenitev,1,kibana,5.94,660.2MiB
2,D-oboje,obremenitev,1,logstash,17.16,814.7MiB
2,D-oboje,obremenitev,1,alertmanager,0.16,20.73MiB
2,D-oboje,obremenitev,2,prometheus,1.24,55.19MiB
2,D-oboje,obremenitev,2,node-exporter,0.00,8.926MiB
2,D-oboje,obremenitev,2,cadvisor,4.71,43.31MiB
2,D-oboje,obremenitev,2,grafana,0.11,53.34MiB
2,D-oboje,obremenitev,2,elasticsearch,4.81,1.973GiB
2,D-oboje,obremenitev,2,kibana,5.72,660.2MiB
2,D-oboje,obremenitev,2,logstash,12.81,815MiB
2,D-oboje,obremenitev,2,alertmanager,0.16,20.73MiB
2,D-oboje,obremenitev,3,prometheus,0.31,55.2MiB
2,D-oboje,obremenitev,3,node-exporter,0.00,9.211MiB
2,D-oboje,obremenitev,3,cadvisor,2.54,43.32MiB
2,D-oboje,obremenitev,3,grafana,0.03,53.34MiB
2,D-oboje,obremenitev,3,elasticsearch,4.78,1.973GiB
2,D-oboje,obremenitev,3,kibana,5.86,660.2MiB
2,D-oboje,obremenitev,3,logstash,15.01,815.4MiB
2,D-oboje,obremenitev,3,alertmanager,0.52,20.73MiB
2,D-oboje,obremenitev,4,prometheus,0.10,55.2MiB
2,D-oboje,obremenitev,4,node-exporter,0.00,9.211MiB
2,D-oboje,obremenitev,4,cadvisor,2.49,43.38MiB
2,D-oboje,obremenitev,4,grafana,0.54,53.34MiB
2,D-oboje,obremenitev,4,elasticsearch,4.12,1.973GiB
2,D-oboje,obremenitev,4,kibana,5.34,660.2MiB
2,D-oboje,obremenitev,4,logstash,13.11,815.6MiB
2,D-oboje,obremenitev,4,alertmanager,0.14,20.73MiB
2,D-oboje,obremenitev,5,prometheus,0.99,55.21MiB
2,D-oboje,obremenitev,5,node-exporter,0.00,9.211MiB
2,D-oboje,obremenitev,5,cadvisor,8.29,43.45MiB
2,D-oboje,obremenitev,5,grafana,0.06,53.34MiB
2,D-oboje,obremenitev,5,elasticsearch,5.84,1.973GiB
2,D-oboje,obremenitev,5,kibana,8.66,660.2MiB
2,D-oboje,obremenitev,5,logstash,15.59,815.7MiB
2,D-oboje,obremenitev,5,alertmanager,0.25,20.73MiB
2,D-oboje,obremenitev,6,prometheus,0.02,55.2MiB
2,D-oboje,obremenitev,6,node-exporter,0.00,9.266MiB
2,D-oboje,obremenitev,6,cadvisor,1.89,43.49MiB
2,D-oboje,obremenitev,6,grafana,0.03,53.34MiB
2,D-oboje,obremenitev,6,elasticsearch,4.63,1.973GiB
2,D-oboje,obremenitev,6,kibana,5.76,660.2MiB
2,D-oboje,obremenitev,6,logstash,9.53,815.6MiB
2,D-oboje,obremenitev,6,alertmanager,0.33,21.37MiB
2,D-oboje,obremenitev,7,prometheus,0.13,55.2MiB
2,D-oboje,obremenitev,7,node-exporter,0.00,9.266MiB
2,D-oboje,obremenitev,7,cadvisor,3.55,43.48MiB
2,D-oboje,obremenitev,7,grafana,0.03,53.34MiB
2,D-oboje,obremenitev,7,elasticsearch,5.49,1.973GiB
2,D-oboje,obremenitev,7,kibana,10.37,660.2MiB
2,D-oboje,obremenitev,7,logstash,13.35,815.7MiB
2,D-oboje,obremenitev,7,alertmanager,0.10,21.37MiB
2,D-oboje,obremenitev,8,prometheus,1.85,55.22MiB
2,D-oboje,obremenitev,8,node-exporter,0.00,9.266MiB
2,D-oboje,obremenitev,8,cadvisor,5.07,43.55MiB
2,D-oboje,obremenitev,8,grafana,0.10,53.34MiB
2,D-oboje,obremenitev,8,elasticsearch,6.19,1.973GiB
2,D-oboje,obremenitev,8,kibana,6.85,660.2MiB
2,D-oboje,obremenitev,8,logstash,15.91,815.7MiB
2,D-oboje,obremenitev,8,alertmanager,0.19,21.37MiB
2,D-oboje,obremenitev,9,prometheus,0.00,55.2MiB
2,D-oboje,obremenitev,9,node-exporter,0.00,9.219MiB
2,D-oboje,obremenitev,9,cadvisor,2.54,44.09MiB
2,D-oboje,obremenitev,9,grafana,0.05,53.34MiB
2,D-oboje,obremenitev,9,elasticsearch,6.83,1.973GiB
2,D-oboje,obremenitev,9,kibana,5.83,660.2MiB
2,D-oboje,obremenitev,9,logstash,18.64,815.8MiB
2,D-oboje,obremenitev,9,alertmanager,0.55,21.37MiB
2,D-oboje,obremenitev,10,prometheus,0.00,55.2MiB
2,D-oboje,obremenitev,10,node-exporter,0.00,9.219MiB
2,D-oboje,obremenitev,10,cadvisor,4.35,44.09MiB
2,D-oboje,obremenitev,10,grafana,0.05,53.34MiB
2,D-oboje,obremenitev,10,elasticsearch,8.50,1.973GiB
2,D-oboje,obremenitev,10,kibana,10.87,660.2MiB
2,D-oboje,obremenitev,10,logstash,17.21,815.9MiB
2,D-oboje,obremenitev,10,alertmanager,0.24,21.37MiB
2,E-paketno,mirovanje,1,prometheus,0.10,53.03MiB
2,E-paketno,mirovanje,1,node-exporter,0.00,9.031MiB
2,E-paketno,mirovanje,1,cadvisor,2.69,46.11MiB
2,E-paketno,mirovanje,1,grafana,0.03,53.37MiB
2,E-paketno,mirovanje,1,elasticsearch,1.89,1.973GiB
2,E-paketno,mirovanje,1,kibana,4.94,660.2MiB
2,E-paketno,mirovanje,1,logstash,1.04,685.2MiB
2,E-paketno,mirovanje,1,alertmanager,0.55,20.77MiB
2,E-paketno,mirovanje,2,prometheus,0.00,53.03MiB
2,E-paketno,mirovanje,2,node-exporter,0.00,9.031MiB
2,E-paketno,mirovanje,2,cadvisor,2.87,46.09MiB
2,E-paketno,mirovanje,2,grafana,0.65,53.36MiB
2,E-paketno,mirovanje,2,elasticsearch,2.01,1.973GiB
2,E-paketno,mirovanje,2,kibana,6.17,660.2MiB
2,E-paketno,mirovanje,2,logstash,2.44,685.4MiB
2,E-paketno,mirovanje,2,alertmanager,0.22,20.77MiB
2,E-paketno,mirovanje,3,prometheus,1.24,53.29MiB
2,E-paketno,mirovanje,3,node-exporter,0.00,9.031MiB
2,E-paketno,mirovanje,3,cadvisor,2.43,46.1MiB
2,E-paketno,mirovanje,3,grafana,0.03,53.36MiB
2,E-paketno,mirovanje,3,elasticsearch,1.40,1.973GiB
2,E-paketno,mirovanje,3,kibana,5.98,660.2MiB
2,E-paketno,mirovanje,3,logstash,1.61,685.4MiB
2,E-paketno,mirovanje,3,alertmanager,0.20,20.77MiB
2,E-paketno,mirovanje,4,prometheus,0.00,53.19MiB
2,E-paketno,mirovanje,4,node-exporter,0.00,9.18MiB
2,E-paketno,mirovanje,4,cadvisor,2.79,46.22MiB
2,E-paketno,mirovanje,4,grafana,0.03,53.36MiB
2,E-paketno,mirovanje,4,elasticsearch,1.93,1.973GiB
2,E-paketno,mirovanje,4,kibana,4.71,660.2MiB
2,E-paketno,mirovanje,4,logstash,2.82,685.5MiB
2,E-paketno,mirovanje,4,alertmanager,0.47,20.77MiB
2,E-paketno,mirovanje,5,prometheus,0.00,53.18MiB
2,E-paketno,mirovanje,5,node-exporter,0.00,9.18MiB
2,E-paketno,mirovanje,5,cadvisor,2.47,46.1MiB
2,E-paketno,mirovanje,5,grafana,0.20,53.36MiB
2,E-paketno,mirovanje,5,elasticsearch,2.50,1.973GiB
2,E-paketno,mirovanje,5,kibana,5.66,660.2MiB
2,E-paketno,mirovanje,5,logstash,10.67,685.8MiB
2,E-paketno,mirovanje,5,alertmanager,0.19,20.77MiB
2,E-paketno,mirovanje,6,prometheus,0.91,53.18MiB
2,E-paketno,mirovanje,6,node-exporter,0.00,9.18MiB
2,E-paketno,mirovanje,6,cadvisor,2.12,46.09MiB
2,E-paketno,mirovanje,6,grafana,0.14,53.36MiB
2,E-paketno,mirovanje,6,elasticsearch,1.61,1.973GiB
2,E-paketno,mirovanje,6,kibana,5.52,660.2MiB
2,E-paketno,mirovanje,6,logstash,7.62,686.1MiB
2,E-paketno,mirovanje,6,alertmanager,0.26,20.77MiB
2,E-paketno,mirovanje,7,prometheus,0.00,53.18MiB
2,E-paketno,mirovanje,7,node-exporter,0.00,9.32MiB
2,E-paketno,mirovanje,7,cadvisor,3.97,46.09MiB
2,E-paketno,mirovanje,7,grafana,0.37,53.36MiB
2,E-paketno,mirovanje,7,elasticsearch,2.17,1.973GiB
2,E-paketno,mirovanje,7,kibana,12.26,660.2MiB
2,E-paketno,mirovanje,7,logstash,29.33,686.4MiB
2,E-paketno,mirovanje,7,alertmanager,0.94,20.77MiB
2,E-paketno,mirovanje,8,prometheus,0.01,53.18MiB
2,E-paketno,mirovanje,8,node-exporter,0.00,9.32MiB
2,E-paketno,mirovanje,8,cadvisor,2.76,46.09MiB
2,E-paketno,mirovanje,8,grafana,0.10,53.36MiB
2,E-paketno,mirovanje,8,elasticsearch,2.99,1.973GiB
2,E-paketno,mirovanje,8,kibana,5.58,660.2MiB
2,E-paketno,mirovanje,8,logstash,8.94,686.7MiB
2,E-paketno,mirovanje,8,alertmanager,0.24,20.77MiB
2,E-paketno,mirovanje,9,prometheus,0.79,53.18MiB
2,E-paketno,mirovanje,9,node-exporter,2.99,9.016MiB
2,E-paketno,mirovanje,9,cadvisor,3.18,46.11MiB
2,E-paketno,mirovanje,9,grafana,0.13,53.36MiB
2,E-paketno,mirovanje,9,elasticsearch,1.66,1.973GiB
2,E-paketno,mirovanje,9,kibana,7.27,660.2MiB
2,E-paketno,mirovanje,9,logstash,6.16,686.7MiB
2,E-paketno,mirovanje,9,alertmanager,0.16,20.77MiB
2,E-paketno,mirovanje,10,prometheus,0.04,53.18MiB
2,E-paketno,mirovanje,10,node-exporter,0.00,9.016MiB
2,E-paketno,mirovanje,10,cadvisor,3.67,46.11MiB
2,E-paketno,mirovanje,10,grafana,0.23,53.36MiB
2,E-paketno,mirovanje,10,elasticsearch,2.22,1.973GiB
2,E-paketno,mirovanje,10,kibana,9.71,660.2MiB
2,E-paketno,mirovanje,10,logstash,3.89,686.8MiB
2,E-paketno,mirovanje,10,alertmanager,0.75,20.77MiB
2,E-paketno,obremenitev,1,prometheus,0.07,52.75MiB
2,E-paketno,obremenitev,1,node-exporter,0.00,8.926MiB
2,E-paketno,obremenitev,1,cadvisor,2.15,45.09MiB
2,E-paketno,obremenitev,1,grafana,0.22,53.37MiB
2,E-paketno,obremenitev,1,elasticsearch,5.41,1.973GiB
2,E-paketno,obremenitev,1,kibana,5.98,660.2MiB
2,E-paketno,obremenitev,1,logstash,7.87,696.1MiB
2,E-paketno,obremenitev,1,alertmanager,0.20,20.77MiB
2,E-paketno,obremenitev,2,prometheus,0.79,52.75MiB
2,E-paketno,obremenitev,2,node-exporter,1.58,8.969MiB
2,E-paketno,obremenitev,2,cadvisor,4.69,45.09MiB
2,E-paketno,obremenitev,2,grafana,0.06,53.37MiB
2,E-paketno,obremenitev,2,elasticsearch,3.57,1.973GiB
2,E-paketno,obremenitev,2,kibana,8.36,660.2MiB
2,E-paketno,obremenitev,2,logstash,13.58,696.1MiB
2,E-paketno,obremenitev,2,alertmanager,0.21,20.77MiB
2,E-paketno,obremenitev,3,prometheus,0.00,52.76MiB
2,E-paketno,obremenitev,3,node-exporter,0.00,8.969MiB
2,E-paketno,obremenitev,3,cadvisor,2.40,45.42MiB
2,E-paketno,obremenitev,3,grafana,0.21,53.37MiB
2,E-paketno,obremenitev,3,elasticsearch,2.78,1.973GiB
2,E-paketno,obremenitev,3,kibana,6.65,660.2MiB
2,E-paketno,obremenitev,3,logstash,10.56,696.1MiB
2,E-paketno,obremenitev,3,alertmanager,0.26,20.77MiB
2,E-paketno,obremenitev,4,prometheus,0.00,52.76MiB
2,E-paketno,obremenitev,4,node-exporter,0.00,8.969MiB
2,E-paketno,obremenitev,4,cadvisor,2.01,45.41MiB
2,E-paketno,obremenitev,4,grafana,0.27,53.37MiB
2,E-paketno,obremenitev,4,elasticsearch,3.27,1.973GiB
2,E-paketno,obremenitev,4,kibana,5.59,660.2MiB
2,E-paketno,obremenitev,4,logstash,4.61,696.1MiB
2,E-paketno,obremenitev,4,alertmanager,0.25,20.77MiB
2,E-paketno,obremenitev,5,prometheus,0.62,52.76MiB
2,E-paketno,obremenitev,5,node-exporter,0.00,9.133MiB
2,E-paketno,obremenitev,5,cadvisor,2.35,45.41MiB
2,E-paketno,obremenitev,5,grafana,0.38,53.37MiB
2,E-paketno,obremenitev,5,elasticsearch,2.19,1.973GiB
2,E-paketno,obremenitev,5,kibana,8.29,660.2MiB
2,E-paketno,obremenitev,5,logstash,4.87,696.1MiB
2,E-paketno,obremenitev,5,alertmanager,0.22,20.77MiB
2,E-paketno,obremenitev,6,prometheus,0.00,52.76MiB
2,E-paketno,obremenitev,6,node-exporter,0.00,9.133MiB
2,E-paketno,obremenitev,6,cadvisor,1.72,45.41MiB
2,E-paketno,obremenitev,6,grafana,0.12,53.37MiB
2,E-paketno,obremenitev,6,elasticsearch,2.67,1.973GiB
2,E-paketno,obremenitev,6,kibana,5.74,660.2MiB
2,E-paketno,obremenitev,6,logstash,21.29,696MiB
2,E-paketno,obremenitev,6,alertmanager,0.37,20.77MiB
2,E-paketno,obremenitev,7,prometheus,0.00,52.75MiB
2,E-paketno,obremenitev,7,node-exporter,0.00,9.133MiB
2,E-paketno,obremenitev,7,cadvisor,1.85,45.41MiB
2,E-paketno,obremenitev,7,grafana,0.08,53.37MiB
2,E-paketno,obremenitev,7,elasticsearch,1.09,1.973GiB
2,E-paketno,obremenitev,7,kibana,5.91,660.2MiB
2,E-paketno,obremenitev,7,logstash,6.38,696MiB
2,E-paketno,obremenitev,7,alertmanager,1.05,20.77MiB
2,E-paketno,obremenitev,8,prometheus,0.00,52.76MiB
2,E-paketno,obremenitev,8,node-exporter,0.00,9.332MiB
2,E-paketno,obremenitev,8,cadvisor,3.19,45.42MiB
2,E-paketno,obremenitev,8,grafana,0.11,53.37MiB
2,E-paketno,obremenitev,8,elasticsearch,2.40,1.973GiB
2,E-paketno,obremenitev,8,kibana,8.90,660.2MiB
2,E-paketno,obremenitev,8,logstash,8.51,696MiB
2,E-paketno,obremenitev,8,alertmanager,1.00,20.77MiB
2,E-paketno,obremenitev,9,prometheus,0.68,52.76MiB
2,E-paketno,obremenitev,9,node-exporter,0.00,9.332MiB
2,E-paketno,obremenitev,9,cadvisor,1.60,45.54MiB
2,E-paketno,obremenitev,9,grafana,0.27,53.37MiB
2,E-paketno,obremenitev,9,elasticsearch,1.87,1.973GiB
2,E-paketno,obremenitev,9,kibana,5.88,660.2MiB
2,E-paketno,obremenitev,9,logstash,5.09,696MiB
2,E-paketno,obremenitev,9,alertmanager,0.34,20.77MiB
2,E-paketno,obremenitev,10,prometheus,0.07,52.76MiB
2,E-paketno,obremenitev,10,node-exporter,0.00,9.332MiB
2,E-paketno,obremenitev,10,cadvisor,2.20,45.41MiB
2,E-paketno,obremenitev,10,grafana,0.22,53.37MiB
2,E-paketno,obremenitev,10,elasticsearch,1.55,1.973GiB
2,E-paketno,obremenitev,10,kibana,6.67,660.2MiB
2,E-paketno,obremenitev,10,logstash,7.87,696MiB
2,E-paketno,obremenitev,10,alertmanager,0.31,20.77MiB
3,A-izhodisce,mirovanje,1,prometheus,0.16,70.47MiB
3,A-izhodisce,mirovanje,1,node-exporter,0.00,9.027MiB
3,A-izhodisce,mirovanje,1,cadvisor,2.12,44.57MiB
3,A-izhodisce,mirovanje,1,grafana,0.10,53.15MiB
3,A-izhodisce,mirovanje,1,elasticsearch,0.87,1.974GiB
3,A-izhodisce,mirovanje,1,kibana,6.05,660.2MiB
3,A-izhodisce,mirovanje,1,logstash,1.70,768.2MiB
3,A-izhodisce,mirovanje,1,alertmanager,0.59,21.03MiB
3,A-izhodisce,mirovanje,2,prometheus,0.04,70.47MiB
3,A-izhodisce,mirovanje,2,node-exporter,0.00,9.027MiB
3,A-izhodisce,mirovanje,2,cadvisor,1.72,44.57MiB
3,A-izhodisce,mirovanje,2,grafana,1.76,53.16MiB
3,A-izhodisce,mirovanje,2,elasticsearch,1.68,1.974GiB
3,A-izhodisce,mirovanje,2,kibana,5.74,660.2MiB
3,A-izhodisce,mirovanje,2,logstash,1.56,768.7MiB
3,A-izhodisce,mirovanje,2,alertmanager,0.16,21.03MiB
3,A-izhodisce,mirovanje,3,prometheus,1.05,70.47MiB
3,A-izhodisce,mirovanje,3,node-exporter,0.00,9.027MiB
3,A-izhodisce,mirovanje,3,cadvisor,5.95,44.62MiB
3,A-izhodisce,mirovanje,3,grafana,0.21,53.16MiB
3,A-izhodisce,mirovanje,3,elasticsearch,1.61,1.974GiB
3,A-izhodisce,mirovanje,3,kibana,6.00,660.2MiB
3,A-izhodisce,mirovanje,3,logstash,1.66,768.7MiB
3,A-izhodisce,mirovanje,3,alertmanager,0.24,21.03MiB
3,A-izhodisce,mirovanje,4,prometheus,0.03,71.18MiB
3,A-izhodisce,mirovanje,4,node-exporter,0.00,9.039MiB
3,A-izhodisce,mirovanje,4,cadvisor,3.17,44.64MiB
3,A-izhodisce,mirovanje,4,grafana,0.23,53.16MiB
3,A-izhodisce,mirovanje,4,elasticsearch,1.68,1.974GiB
3,A-izhodisce,mirovanje,4,kibana,5.09,660.2MiB
3,A-izhodisce,mirovanje,4,logstash,1.22,768.8MiB
3,A-izhodisce,mirovanje,4,alertmanager,0.48,21.03MiB
3,A-izhodisce,mirovanje,5,prometheus,0.11,71.17MiB
3,A-izhodisce,mirovanje,5,node-exporter,0.00,9.039MiB
3,A-izhodisce,mirovanje,5,cadvisor,2.69,44.64MiB
3,A-izhodisce,mirovanje,5,grafana,0.06,53.16MiB
3,A-izhodisce,mirovanje,5,elasticsearch,1.53,1.974GiB
3,A-izhodisce,mirovanje,5,kibana,4.69,660.2MiB
3,A-izhodisce,mirovanje,5,logstash,1.73,769MiB
3,A-izhodisce,mirovanje,5,alertmanager,0.22,21.03MiB
3,A-izhodisce,mirovanje,6,prometheus,2.38,71.89MiB
3,A-izhodisce,mirovanje,6,node-exporter,0.00,9.039MiB
3,A-izhodisce,mirovanje,6,cadvisor,4.57,44.63MiB
3,A-izhodisce,mirovanje,6,grafana,0.07,53.16MiB
3,A-izhodisce,mirovanje,6,elasticsearch,1.29,1.974GiB
3,A-izhodisce,mirovanje,6,kibana,6.85,660.2MiB
3,A-izhodisce,mirovanje,6,logstash,2.69,769.1MiB
3,A-izhodisce,mirovanje,6,alertmanager,0.39,21.03MiB
3,A-izhodisce,mirovanje,7,prometheus,0.00,71.87MiB
3,A-izhodisce,mirovanje,7,node-exporter,0.00,9.152MiB
3,A-izhodisce,mirovanje,7,cadvisor,4.76,44.64MiB
3,A-izhodisce,mirovanje,7,grafana,0.27,53.16MiB
3,A-izhodisce,mirovanje,7,elasticsearch,2.48,1.974GiB
3,A-izhodisce,mirovanje,7,kibana,8.62,660.2MiB
3,A-izhodisce,mirovanje,7,logstash,1.95,769.2MiB
3,A-izhodisce,mirovanje,7,alertmanager,1.09,21.03MiB
3,A-izhodisce,mirovanje,8,prometheus,0.00,72.13MiB
3,A-izhodisce,mirovanje,8,node-exporter,0.00,9.152MiB
3,A-izhodisce,mirovanje,8,cadvisor,2.94,44.64MiB
3,A-izhodisce,mirovanje,8,grafana,0.41,53.39MiB
3,A-izhodisce,mirovanje,8,elasticsearch,1.45,1.974GiB
3,A-izhodisce,mirovanje,8,kibana,8.16,660.2MiB
3,A-izhodisce,mirovanje,8,logstash,4.86,770MiB
3,A-izhodisce,mirovanje,8,alertmanager,0.25,21.03MiB
3,A-izhodisce,mirovanje,9,prometheus,1.07,72.14MiB
3,A-izhodisce,mirovanje,9,node-exporter,0.00,9.152MiB
3,A-izhodisce,mirovanje,9,cadvisor,4.39,44.63MiB
3,A-izhodisce,mirovanje,9,grafana,0.36,53.39MiB
3,A-izhodisce,mirovanje,9,elasticsearch,1.03,1.974GiB
3,A-izhodisce,mirovanje,9,kibana,7.03,660.2MiB
3,A-izhodisce,mirovanje,9,logstash,3.95,770MiB
3,A-izhodisce,mirovanje,9,alertmanager,0.18,21.03MiB
3,A-izhodisce,mirovanje,10,prometheus,0.06,72.13MiB
3,A-izhodisce,mirovanje,10,node-exporter,0.00,9.344MiB
3,A-izhodisce,mirovanje,10,cadvisor,2.99,44.79MiB
3,A-izhodisce,mirovanje,10,grafana,0.09,53.39MiB
3,A-izhodisce,mirovanje,10,elasticsearch,1.55,1.974GiB
3,A-izhodisce,mirovanje,10,kibana,7.16,660.2MiB
3,A-izhodisce,mirovanje,10,logstash,9.14,770.1MiB
3,A-izhodisce,mirovanje,10,alertmanager,0.33,21.03MiB
3,A-izhodisce,obremenitev,1,prometheus,0.02,71.21MiB
3,A-izhodisce,obremenitev,1,node-exporter,0.00,9.141MiB
3,A-izhodisce,obremenitev,1,cadvisor,3.81,45.09MiB
3,A-izhodisce,obremenitev,1,grafana,0.04,53.39MiB
3,A-izhodisce,obremenitev,1,elasticsearch,7.24,1.974GiB
3,A-izhodisce,obremenitev,1,kibana,9.13,660.3MiB
3,A-izhodisce,obremenitev,1,logstash,38.45,803.7MiB
3,A-izhodisce,obremenitev,1,alertmanager,0.17,19.86MiB
3,A-izhodisce,obremenitev,2,prometheus,0.54,71.21MiB
3,A-izhodisce,obremenitev,2,node-exporter,3.24,9.145MiB
3,A-izhodisce,obremenitev,2,cadvisor,1.52,44.96MiB
3,A-izhodisce,obremenitev,2,grafana,0.21,53.39MiB
3,A-izhodisce,obremenitev,2,elasticsearch,9.34,1.974GiB
3,A-izhodisce,obremenitev,2,kibana,9.09,660.3MiB
3,A-izhodisce,obremenitev,2,logstash,29.47,819.3MiB
3,A-izhodisce,obremenitev,2,alertmanager,0.26,19.86MiB
3,A-izhodisce,obremenitev,3,prometheus,0.04,71.21MiB
3,A-izhodisce,obremenitev,3,node-exporter,0.00,9.145MiB
3,A-izhodisce,obremenitev,3,cadvisor,2.40,44.97MiB
3,A-izhodisce,obremenitev,3,grafana,0.35,53.39MiB
3,A-izhodisce,obremenitev,3,elasticsearch,5.00,1.974GiB
3,A-izhodisce,obremenitev,3,kibana,8.12,660.3MiB
3,A-izhodisce,obremenitev,3,logstash,29.20,819.9MiB
3,A-izhodisce,obremenitev,3,alertmanager,0.31,19.86MiB
3,A-izhodisce,obremenitev,4,prometheus,0.00,71.21MiB
3,A-izhodisce,obremenitev,4,node-exporter,0.00,9.145MiB
3,A-izhodisce,obremenitev,4,cadvisor,3.24,44.98MiB
3,A-izhodisce,obremenitev,4,grafana,0.07,53.4MiB
3,A-izhodisce,obremenitev,4,elasticsearch,10.94,1.974GiB
3,A-izhodisce,obremenitev,4,kibana,10.69,660.3MiB
3,A-izhodisce,obremenitev,4,logstash,65.18,820.6MiB
3,A-izhodisce,obremenitev,4,alertmanager,0.42,19.86MiB
3,A-izhodisce,obremenitev,5,prometheus,3.59,71.96MiB
3,A-izhodisce,obremenitev,5,node-exporter,0.00,9.184MiB
3,A-izhodisce,obremenitev,5,cadvisor,2.27,45.04MiB
3,A-izhodisce,obremenitev,5,grafana,0.28,53.4MiB
3,A-izhodisce,obremenitev,5,elasticsearch,14.74,1.974GiB
3,A-izhodisce,obremenitev,5,kibana,9.64,660.3MiB
3,A-izhodisce,obremenitev,5,logstash,25.77,820.9MiB
3,A-izhodisce,obremenitev,5,alertmanager,0.19,19.86MiB
3,A-izhodisce,obremenitev,6,prometheus,0.00,54.97MiB
3,A-izhodisce,obremenitev,6,node-exporter,0.00,9.184MiB
3,A-izhodisce,obremenitev,6,cadvisor,1.85,45.04MiB
3,A-izhodisce,obremenitev,6,grafana,0.14,53.4MiB
3,A-izhodisce,obremenitev,6,elasticsearch,9.22,1.974GiB
3,A-izhodisce,obremenitev,6,kibana,9.28,660.3MiB
3,A-izhodisce,obremenitev,6,logstash,21.18,820.8MiB
3,A-izhodisce,obremenitev,6,alertmanager,0.41,19.86MiB
3,A-izhodisce,obremenitev,7,prometheus,0.00,54.97MiB
3,A-izhodisce,obremenitev,7,node-exporter,0.00,9.184MiB
3,A-izhodisce,obremenitev,7,cadvisor,1.52,45.04MiB
3,A-izhodisce,obremenitev,7,grafana,0.13,53.4MiB
3,A-izhodisce,obremenitev,7,elasticsearch,7.26,1.974GiB
3,A-izhodisce,obremenitev,7,kibana,9.08,660.3MiB
3,A-izhodisce,obremenitev,7,logstash,19.80,820.8MiB
3,A-izhodisce,obremenitev,7,alertmanager,0.18,19.86MiB
3,A-izhodisce,obremenitev,8,prometheus,0.00,54.97MiB
3,A-izhodisce,obremenitev,8,node-exporter,0.00,9.203MiB
3,A-izhodisce,obremenitev,8,cadvisor,1.70,45.05MiB
3,A-izhodisce,obremenitev,8,grafana,0.20,53.4MiB
3,A-izhodisce,obremenitev,8,elasticsearch,7.76,1.974GiB
3,A-izhodisce,obremenitev,8,kibana,8.71,660.3MiB
3,A-izhodisce,obremenitev,8,logstash,28.81,820.9MiB
3,A-izhodisce,obremenitev,8,alertmanager,1.15,19.86MiB
3,A-izhodisce,obremenitev,9,prometheus,1.02,54.97MiB
3,A-izhodisce,obremenitev,9,node-exporter,0.00,9.203MiB
3,A-izhodisce,obremenitev,9,cadvisor,3.58,43.93MiB
3,A-izhodisce,obremenitev,9,grafana,0.39,53.4MiB
3,A-izhodisce,obremenitev,9,elasticsearch,12.14,1.974GiB
3,A-izhodisce,obremenitev,9,kibana,12.37,660.2MiB
3,A-izhodisce,obremenitev,9,logstash,28.12,821MiB
3,A-izhodisce,obremenitev,9,alertmanager,0.25,19.86MiB
3,A-izhodisce,obremenitev,10,prometheus,0.03,54.97MiB
3,A-izhodisce,obremenitev,10,node-exporter,0.00,9.203MiB
3,A-izhodisce,obremenitev,10,cadvisor,2.62,43.92MiB
3,A-izhodisce,obremenitev,10,grafana,0.09,53.4MiB
3,A-izhodisce,obremenitev,10,elasticsearch,8.10,1.974GiB
3,A-izhodisce,obremenitev,10,kibana,12.53,660.2MiB
3,A-izhodisce,obremenitev,10,logstash,20.23,821.1MiB
3,A-izhodisce,obremenitev,10,alertmanager,0.34,19.86MiB
3,B-brez-stdout,mirovanje,1,prometheus,0.20,50.85MiB
3,B-brez-stdout,mirovanje,1,node-exporter,0.00,9.277MiB
3,B-brez-stdout,mirovanje,1,cadvisor,2.20,45.35MiB
3,B-brez-stdout,mirovanje,1,grafana,0.15,53.43MiB
3,B-brez-stdout,mirovanje,1,elasticsearch,0.93,1.974GiB
3,B-brez-stdout,mirovanje,1,kibana,4.75,660.6MiB
3,B-brez-stdout,mirovanje,1,logstash,6.81,621.6MiB
3,B-brez-stdout,mirovanje,1,alertmanager,0.22,20.04MiB
3,B-brez-stdout,mirovanje,2,prometheus,0.04,50.85MiB
3,B-brez-stdout,mirovanje,2,node-exporter,0.00,9.277MiB
3,B-brez-stdout,mirovanje,2,cadvisor,3.16,45.37MiB
3,B-brez-stdout,mirovanje,2,grafana,0.03,53.43MiB
3,B-brez-stdout,mirovanje,2,elasticsearch,1.61,1.974GiB
3,B-brez-stdout,mirovanje,2,kibana,6.00,660.6MiB
3,B-brez-stdout,mirovanje,2,logstash,5.12,621.7MiB
3,B-brez-stdout,mirovanje,2,alertmanager,0.28,20.04MiB
3,B-brez-stdout,mirovanje,3,prometheus,0.35,50.86MiB
3,B-brez-stdout,mirovanje,3,node-exporter,0.00,9.277MiB
3,B-brez-stdout,mirovanje,3,cadvisor,2.26,45.36MiB
3,B-brez-stdout,mirovanje,3,grafana,0.07,53.43MiB
3,B-brez-stdout,mirovanje,3,elasticsearch,2.17,1.974GiB
3,B-brez-stdout,mirovanje,3,kibana,7.29,660.6MiB
3,B-brez-stdout,mirovanje,3,logstash,7.25,621.8MiB
3,B-brez-stdout,mirovanje,3,alertmanager,0.21,20.04MiB
3,B-brez-stdout,mirovanje,4,prometheus,0.92,51.55MiB
3,B-brez-stdout,mirovanje,4,node-exporter,0.00,9.277MiB
3,B-brez-stdout,mirovanje,4,cadvisor,7.00,45.36MiB
3,B-brez-stdout,mirovanje,4,grafana,0.05,53.43MiB
3,B-brez-stdout,mirovanje,4,elasticsearch,1.38,1.974GiB
3,B-brez-stdout,mirovanje,4,kibana,6.75,660.6MiB
3,B-brez-stdout,mirovanje,4,logstash,6.75,622.1MiB
3,B-brez-stdout,mirovanje,4,alertmanager,0.17,20.04MiB
3,B-brez-stdout,mirovanje,5,prometheus,0.03,51.55MiB
3,B-brez-stdout,mirovanje,5,node-exporter,0.00,9.305MiB
3,B-brez-stdout,mirovanje,5,cadvisor,2.98,45.37MiB
3,B-brez-stdout,mirovanje,5,grafana,0.10,53.43MiB
3,B-brez-stdout,mirovanje,5,elasticsearch,0.83,1.974GiB
3,B-brez-stdout,mirovanje,5,kibana,4.79,660.6MiB
3,B-brez-stdout,mirovanje,5,logstash,7.52,622.2MiB
3,B-brez-stdout,mirovanje,5,alertmanager,0.20,20.67MiB
3,B-brez-stdout,mirovanje,6,prometheus,0.18,51.55MiB
3,B-brez-stdout,mirovanje,6,node-exporter,0.00,9.305MiB
3,B-brez-stdout,mirovanje,6,cadvisor,1.51,45.36MiB
3,B-brez-stdout,mirovanje,6,grafana,0.05,53.43MiB
3,B-brez-stdout,mirovanje,6,elasticsearch,4.21,1.974GiB
3,B-brez-stdout,mirovanje,6,kibana,8.27,660.6MiB
3,B-brez-stdout,mirovanje,6,logstash,13.24,622.7MiB
3,B-brez-stdout,mirovanje,6,alertmanager,0.15,20.67MiB
3,B-brez-stdout,mirovanje,7,prometheus,0.82,51.61MiB
3,B-brez-stdout,mirovanje,7,node-exporter,0.00,9.305MiB
3,B-brez-stdout,mirovanje,7,cadvisor,3.49,45.75MiB
3,B-brez-stdout,mirovanje,7,grafana,0.10,53.43MiB
3,B-brez-stdout,mirovanje,7,elasticsearch,3.49,1.974GiB
3,B-brez-stdout,mirovanje,7,kibana,7.04,660.6MiB
3,B-brez-stdout,mirovanje,7,logstash,8.18,622.9MiB
3,B-brez-stdout,mirovanje,7,alertmanager,0.15,20.67MiB
3,B-brez-stdout,mirovanje,8,prometheus,0.09,51.61MiB
3,B-brez-stdout,mirovanje,8,node-exporter,0.00,9.379MiB
3,B-brez-stdout,mirovanje,8,cadvisor,2.80,45.76MiB
3,B-brez-stdout,mirovanje,8,grafana,0.10,53.43MiB
3,B-brez-stdout,mirovanje,8,elasticsearch,0.64,1.974GiB
3,B-brez-stdout,mirovanje,8,kibana,4.80,660.6MiB
3,B-brez-stdout,mirovanje,8,logstash,4.56,623.1MiB
3,B-brez-stdout,mirovanje,8,alertmanager,0.23,20.67MiB
3,B-brez-stdout,mirovanje,9,prometheus,0.12,51.61MiB
3,B-brez-stdout,mirovanje,9,node-exporter,0.00,9.379MiB
3,B-brez-stdout,mirovanje,9,cadvisor,2.42,45.76MiB
3,B-brez-stdout,mirovanje,9,grafana,0.39,53.43MiB
3,B-brez-stdout,mirovanje,9,elasticsearch,0.98,1.974GiB
3,B-brez-stdout,mirovanje,9,kibana,4.94,660.6MiB
3,B-brez-stdout,mirovanje,9,logstash,3.07,623.2MiB
3,B-brez-stdout,mirovanje,9,alertmanager,0.24,20.67MiB
3,B-brez-stdout,mirovanje,10,prometheus,0.26,51.61MiB
3,B-brez-stdout,mirovanje,10,node-exporter,0.00,9.379MiB
3,B-brez-stdout,mirovanje,10,cadvisor,2.13,45.78MiB
3,B-brez-stdout,mirovanje,10,grafana,0.24,53.43MiB
3,B-brez-stdout,mirovanje,10,elasticsearch,2.29,1.974GiB
3,B-brez-stdout,mirovanje,10,kibana,7.63,660.6MiB
3,B-brez-stdout,mirovanje,10,logstash,5.97,623.3MiB
3,B-brez-stdout,mirovanje,10,alertmanager,0.29,20.67MiB
3,B-brez-stdout,obremenitev,1,prometheus,0.00,52.8MiB
3,B-brez-stdout,obremenitev,1,node-exporter,0.00,9.285MiB
3,B-brez-stdout,obremenitev,1,cadvisor,3.14,45.82MiB
3,B-brez-stdout,obremenitev,1,grafana,0.02,53.43MiB
3,B-brez-stdout,obremenitev,1,elasticsearch,6.41,1.974GiB
3,B-brez-stdout,obremenitev,1,kibana,9.17,660.6MiB
3,B-brez-stdout,obremenitev,1,logstash,29.55,770.7MiB
3,B-brez-stdout,obremenitev,1,alertmanager,0.26,21.04MiB
3,B-brez-stdout,obremenitev,2,prometheus,0.00,52.79MiB
3,B-brez-stdout,obremenitev,2,node-exporter,0.00,9.285MiB
3,B-brez-stdout,obremenitev,2,cadvisor,3.34,45.82MiB
3,B-brez-stdout,obremenitev,2,grafana,0.14,53.43MiB
3,B-brez-stdout,obremenitev,2,elasticsearch,16.81,1.974GiB
3,B-brez-stdout,obremenitev,2,kibana,15.23,660.6MiB
3,B-brez-stdout,obremenitev,2,logstash,37.67,771.3MiB
3,B-brez-stdout,obremenitev,2,alertmanager,0.35,21.04MiB
3,B-brez-stdout,obremenitev,3,prometheus,1.33,52.84MiB
3,B-brez-stdout,obremenitev,3,node-exporter,0.00,9.285MiB
3,B-brez-stdout,obremenitev,3,cadvisor,2.66,45.82MiB
3,B-brez-stdout,obremenitev,3,grafana,0.18,53.43MiB
3,B-brez-stdout,obremenitev,3,elasticsearch,6.47,1.974GiB
3,B-brez-stdout,obremenitev,3,kibana,8.53,660.6MiB
3,B-brez-stdout,obremenitev,3,logstash,21.80,771.6MiB
3,B-brez-stdout,obremenitev,3,alertmanager,0.48,21.08MiB
3,B-brez-stdout,obremenitev,4,prometheus,0.00,52.82MiB
3,B-brez-stdout,obremenitev,4,node-exporter,0.00,9.387MiB
3,B-brez-stdout,obremenitev,4,cadvisor,8.18,45.95MiB
3,B-brez-stdout,obremenitev,4,grafana,1.95,53.43MiB
3,B-brez-stdout,obremenitev,4,elasticsearch,16.98,1.974GiB
3,B-brez-stdout,obremenitev,4,kibana,16.42,660.6MiB
3,B-brez-stdout,obremenitev,4,logstash,33.40,773.3MiB
3,B-brez-stdout,obremenitev,4,alertmanager,2.21,21.15MiB
3,B-brez-stdout,obremenitev,5,prometheus,0.08,52.82MiB
3,B-brez-stdout,obremenitev,5,node-exporter,0.00,9.387MiB
3,B-brez-stdout,obremenitev,5,cadvisor,5.42,45.82MiB
3,B-brez-stdout,obremenitev,5,grafana,0.27,53.43MiB
3,B-brez-stdout,obremenitev,5,elasticsearch,15.59,1.974GiB
3,B-brez-stdout,obremenitev,5,kibana,19.51,663.4MiB
3,B-brez-stdout,obremenitev,5,logstash,24.92,773.5MiB
3,B-brez-stdout,obremenitev,5,alertmanager,0.27,21.15MiB
3,B-brez-stdout,obremenitev,6,prometheus,2.16,53.68MiB
3,B-brez-stdout,obremenitev,6,node-exporter,12.47,9.016MiB
3,B-brez-stdout,obremenitev,6,cadvisor,6.68,45.82MiB
3,B-brez-stdout,obremenitev,6,grafana,0.68,53.43MiB
3,B-brez-stdout,obremenitev,6,elasticsearch,16.78,1.974GiB
3,B-brez-stdout,obremenitev,6,kibana,23.35,663.4MiB
3,B-brez-stdout,obremenitev,6,logstash,43.10,790.3MiB
3,B-brez-stdout,obremenitev,6,alertmanager,0.35,21.15MiB
3,B-brez-stdout,obremenitev,7,prometheus,1.71,53.69MiB
3,B-brez-stdout,obremenitev,7,node-exporter,0.00,9.016MiB
3,B-brez-stdout,obremenitev,7,cadvisor,4.88,45.82MiB
3,B-brez-stdout,obremenitev,7,grafana,0.11,53.43MiB
3,B-brez-stdout,obremenitev,7,elasticsearch,23.27,1.974GiB
3,B-brez-stdout,obremenitev,7,kibana,19.25,663.4MiB
3,B-brez-stdout,obremenitev,7,logstash,74.82,823.7MiB
3,B-brez-stdout,obremenitev,7,alertmanager,0.85,21.24MiB
3,B-brez-stdout,obremenitev,8,prometheus,0.00,53.68MiB
3,B-brez-stdout,obremenitev,8,node-exporter,0.00,9.016MiB
3,B-brez-stdout,obremenitev,8,cadvisor,2.55,45.81MiB
3,B-brez-stdout,obremenitev,8,grafana,0.12,53.43MiB
3,B-brez-stdout,obremenitev,8,elasticsearch,8.96,1.974GiB
3,B-brez-stdout,obremenitev,8,kibana,13.20,663.4MiB
3,B-brez-stdout,obremenitev,8,logstash,24.02,823.8MiB
3,B-brez-stdout,obremenitev,8,alertmanager,0.24,21.24MiB
3,B-brez-stdout,obremenitev,9,prometheus,0.11,54.45MiB
3,B-brez-stdout,obremenitev,9,node-exporter,0.00,9.02MiB
3,B-brez-stdout,obremenitev,9,cadvisor,3.16,45.82MiB
3,B-brez-stdout,obremenitev,9,grafana,1.46,53.43MiB
3,B-brez-stdout,obremenitev,9,elasticsearch,10.33,1.974GiB
3,B-brez-stdout,obremenitev,9,kibana,13.84,663.4MiB
3,B-brez-stdout,obremenitev,9,logstash,29.60,823.8MiB
3,B-brez-stdout,obremenitev,9,alertmanager,0.88,21.29MiB
3,B-brez-stdout,obremenitev,10,prometheus,0.57,54.45MiB
3,B-brez-stdout,obremenitev,10,node-exporter,0.00,9.02MiB
3,B-brez-stdout,obremenitev,10,cadvisor,7.54,45.82MiB
3,B-brez-stdout,obremenitev,10,grafana,0.35,53.43MiB
3,B-brez-stdout,obremenitev,10,elasticsearch,19.10,1.974GiB
3,B-brez-stdout,obremenitev,10,kibana,15.47,663.4MiB
3,B-brez-stdout,obremenitev,10,logstash,40.24,823.8MiB
3,B-brez-stdout,obremenitev,10,alertmanager,0.26,21.29MiB
3,C-samo-filter,mirovanje,1,prometheus,0.17,53.06MiB
3,C-samo-filter,mirovanje,1,node-exporter,0.00,8.859MiB
3,C-samo-filter,mirovanje,1,cadvisor,2.00,45.96MiB
3,C-samo-filter,mirovanje,1,grafana,0.12,53.43MiB
3,C-samo-filter,mirovanje,1,elasticsearch,1.65,1.974GiB
3,C-samo-filter,mirovanje,1,kibana,7.85,663.5MiB
3,C-samo-filter,mirovanje,1,logstash,4.81,763.6MiB
3,C-samo-filter,mirovanje,1,alertmanager,0.23,19.58MiB
3,C-samo-filter,mirovanje,2,prometheus,0.17,53.06MiB
3,C-samo-filter,mirovanje,2,node-exporter,0.00,8.859MiB
3,C-samo-filter,mirovanje,2,cadvisor,2.22,46.09MiB
3,C-samo-filter,mirovanje,2,grafana,0.04,53.43MiB
3,C-samo-filter,mirovanje,2,elasticsearch,1.07,1.974GiB
3,C-samo-filter,mirovanje,2,kibana,4.67,663.5MiB
3,C-samo-filter,mirovanje,2,logstash,4.37,763.8MiB
3,C-samo-filter,mirovanje,2,alertmanager,0.15,18.83MiB
3,C-samo-filter,mirovanje,3,prometheus,0.01,53.07MiB
3,C-samo-filter,mirovanje,3,node-exporter,0.00,8.859MiB
3,C-samo-filter,mirovanje,3,cadvisor,2.88,46MiB
3,C-samo-filter,mirovanje,3,grafana,0.09,53.43MiB
3,C-samo-filter,mirovanje,3,elasticsearch,1.73,1.974GiB
3,C-samo-filter,mirovanje,3,kibana,6.04,663.5MiB
3,C-samo-filter,mirovanje,3,logstash,4.58,763.9MiB
3,C-samo-filter,mirovanje,3,alertmanager,0.21,18.83MiB
3,C-samo-filter,mirovanje,4,prometheus,0.01,53.07MiB
3,C-samo-filter,mirovanje,4,node-exporter,0.00,8.859MiB
3,C-samo-filter,mirovanje,4,cadvisor,2.50,46MiB
3,C-samo-filter,mirovanje,4,grafana,0.27,53.43MiB
3,C-samo-filter,mirovanje,4,elasticsearch,1.21,1.974GiB
3,C-samo-filter,mirovanje,4,kibana,6.48,663.5MiB
3,C-samo-filter,mirovanje,4,logstash,7.35,764.1MiB
3,C-samo-filter,mirovanje,4,alertmanager,0.15,18.83MiB
3,C-samo-filter,mirovanje,5,prometheus,0.73,53.08MiB
3,C-samo-filter,mirovanje,5,node-exporter,3.33,9.062MiB
3,C-samo-filter,mirovanje,5,cadvisor,2.60,46MiB
3,C-samo-filter,mirovanje,5,grafana,0.11,53.43MiB
3,C-samo-filter,mirovanje,5,elasticsearch,1.20,1.974GiB
3,C-samo-filter,mirovanje,5,kibana,5.87,663.5MiB
3,C-samo-filter,mirovanje,5,logstash,8.48,764.3MiB
3,C-samo-filter,mirovanje,5,alertmanager,0.23,18.83MiB
3,C-samo-filter,mirovanje,6,prometheus,0.03,53.06MiB
3,C-samo-filter,mirovanje,6,node-exporter,0.00,9.059MiB
3,C-samo-filter,mirovanje,6,cadvisor,2.16,45.99MiB
3,C-samo-filter,mirovanje,6,grafana,0.03,53.43MiB
3,C-samo-filter,mirovanje,6,elasticsearch,1.80,1.974GiB
3,C-samo-filter,mirovanje,6,kibana,5.35,663.5MiB
3,C-samo-filter,mirovanje,6,logstash,8.59,764.5MiB
3,C-samo-filter,mirovanje,6,alertmanager,0.26,18.83MiB
3,C-samo-filter,mirovanje,7,prometheus,0.02,53.06MiB
3,C-samo-filter,mirovanje,7,node-exporter,0.00,9.059MiB
3,C-samo-filter,mirovanje,7,cadvisor,1.61,45.99MiB
3,C-samo-filter,mirovanje,7,grafana,0.11,53.43MiB
3,C-samo-filter,mirovanje,7,elasticsearch,1.03,1.974GiB
3,C-samo-filter,mirovanje,7,kibana,4.33,663.5MiB
3,C-samo-filter,mirovanje,7,logstash,9.17,764.7MiB
3,C-samo-filter,mirovanje,7,alertmanager,0.15,18.83MiB
3,C-samo-filter,mirovanje,8,prometheus,0.48,53.07MiB
3,C-samo-filter,mirovanje,8,node-exporter,1.43,9.254MiB
3,C-samo-filter,mirovanje,8,cadvisor,2.20,45.99MiB
3,C-samo-filter,mirovanje,8,grafana,0.05,53.43MiB
3,C-samo-filter,mirovanje,8,elasticsearch,1.47,1.974GiB
3,C-samo-filter,mirovanje,8,kibana,5.10,663.5MiB
3,C-samo-filter,mirovanje,8,logstash,6.29,764.9MiB
3,C-samo-filter,mirovanje,8,alertmanager,0.16,18.83MiB
3,C-samo-filter,mirovanje,9,prometheus,0.03,53.06MiB
3,C-samo-filter,mirovanje,9,node-exporter,0.00,9.254MiB
3,C-samo-filter,mirovanje,9,cadvisor,1.90,46.18MiB
3,C-samo-filter,mirovanje,9,grafana,0.61,53.43MiB
3,C-samo-filter,mirovanje,9,elasticsearch,1.35,1.974GiB
3,C-samo-filter,mirovanje,9,kibana,3.51,663.5MiB
3,C-samo-filter,mirovanje,9,logstash,2.44,765MiB
3,C-samo-filter,mirovanje,9,alertmanager,0.29,18.83MiB
3,C-samo-filter,mirovanje,10,prometheus,0.02,53.06MiB
3,C-samo-filter,mirovanje,10,node-exporter,0.00,9.254MiB
3,C-samo-filter,mirovanje,10,cadvisor,1.70,46.18MiB
3,C-samo-filter,mirovanje,10,grafana,0.03,53.46MiB
3,C-samo-filter,mirovanje,10,elasticsearch,1.48,1.974GiB
3,C-samo-filter,mirovanje,10,kibana,5.28,663.5MiB
3,C-samo-filter,mirovanje,10,logstash,3.04,765.2MiB
3,C-samo-filter,mirovanje,10,alertmanager,0.13,18.83MiB
3,C-samo-filter,obremenitev,1,prometheus,1.31,53.1MiB
3,C-samo-filter,obremenitev,1,node-exporter,0.00,9.105MiB
3,C-samo-filter,obremenitev,1,cadvisor,4.51,46.18MiB
3,C-samo-filter,obremenitev,1,grafana,0.35,53.45MiB
3,C-samo-filter,obremenitev,1,elasticsearch,5.97,1.975GiB
3,C-samo-filter,obremenitev,1,kibana,12.48,663.5MiB
3,C-samo-filter,obremenitev,1,logstash,28.43,805.2MiB
3,C-samo-filter,obremenitev,1,alertmanager,0.43,20.55MiB
3,C-samo-filter,obremenitev,2,prometheus,0.00,53.1MiB
3,C-samo-filter,obremenitev,2,node-exporter,0.00,9.105MiB
3,C-samo-filter,obremenitev,2,cadvisor,6.87,46.18MiB
3,C-samo-filter,obremenitev,2,grafana,0.13,53.45MiB
3,C-samo-filter,obremenitev,2,elasticsearch,10.54,1.975GiB
3,C-samo-filter,obremenitev,2,kibana,11.38,663.5MiB
3,C-samo-filter,obremenitev,2,logstash,24.92,805.7MiB
3,C-samo-filter,obremenitev,2,alertmanager,0.20,20.57MiB
3,C-samo-filter,obremenitev,3,prometheus,0.00,53.1MiB
3,C-samo-filter,obremenitev,3,node-exporter,0.00,9.105MiB
3,C-samo-filter,obremenitev,3,cadvisor,2.54,46.3MiB
3,C-samo-filter,obremenitev,3,grafana,3.38,53.45MiB
3,C-samo-filter,obremenitev,3,elasticsearch,6.81,1.975GiB
3,C-samo-filter,obremenitev,3,kibana,11.71,663.5MiB
3,C-samo-filter,obremenitev,3,logstash,20.76,806.3MiB
3,C-samo-filter,obremenitev,3,alertmanager,0.32,20.58MiB
3,C-samo-filter,obremenitev,4,prometheus,0.00,51.68MiB
3,C-samo-filter,obremenitev,4,node-exporter,0.00,9.012MiB
3,C-samo-filter,obremenitev,4,cadvisor,2.51,46.18MiB
3,C-samo-filter,obremenitev,4,grafana,0.08,53.45MiB
3,C-samo-filter,obremenitev,4,elasticsearch,6.87,1.975GiB
3,C-samo-filter,obremenitev,4,kibana,10.92,663.6MiB
3,C-samo-filter,obremenitev,4,logstash,12.63,806.9MiB
3,C-samo-filter,obremenitev,4,alertmanager,0.91,20.59MiB
3,C-samo-filter,obremenitev,5,prometheus,0.18,51.68MiB
3,C-samo-filter,obremenitev,5,node-exporter,0.00,9.012MiB
3,C-samo-filter,obremenitev,5,cadvisor,5.87,46.18MiB
3,C-samo-filter,obremenitev,5,grafana,0.09,53.45MiB
3,C-samo-filter,obremenitev,5,elasticsearch,6.25,1.975GiB
3,C-samo-filter,obremenitev,5,kibana,7.08,663.6MiB
3,C-samo-filter,obremenitev,5,logstash,27.80,807.3MiB
3,C-samo-filter,obremenitev,5,alertmanager,0.13,20.59MiB
3,C-samo-filter,obremenitev,6,prometheus,0.06,51.68MiB
3,C-samo-filter,obremenitev,6,node-exporter,0.00,9.012MiB
3,C-samo-filter,obremenitev,6,cadvisor,2.03,46.18MiB
3,C-samo-filter,obremenitev,6,grafana,0.12,53.45MiB
3,C-samo-filter,obremenitev,6,elasticsearch,7.92,1.975GiB
3,C-samo-filter,obremenitev,6,kibana,9.35,663.6MiB
3,C-samo-filter,obremenitev,6,logstash,18.87,807.2MiB
3,C-samo-filter,obremenitev,6,alertmanager,0.21,20.59MiB
3,C-samo-filter,obremenitev,7,prometheus,0.00,51.68MiB
3,C-samo-filter,obremenitev,7,node-exporter,0.00,9.027MiB
3,C-samo-filter,obremenitev,7,cadvisor,3.03,46.18MiB
3,C-samo-filter,obremenitev,7,grafana,0.21,53.45MiB
3,C-samo-filter,obremenitev,7,elasticsearch,8.54,1.975GiB
3,C-samo-filter,obremenitev,7,kibana,9.63,663.6MiB
3,C-samo-filter,obremenitev,7,logstash,18.38,807.3MiB
3,C-samo-filter,obremenitev,7,alertmanager,0.36,20.59MiB
3,C-samo-filter,obremenitev,8,prometheus,0.78,51.68MiB
3,C-samo-filter,obremenitev,8,node-exporter,0.00,9.027MiB
3,C-samo-filter,obremenitev,8,cadvisor,2.93,46.17MiB
3,C-samo-filter,obremenitev,8,grafana,0.10,53.45MiB
3,C-samo-filter,obremenitev,8,elasticsearch,13.38,1.975GiB
3,C-samo-filter,obremenitev,8,kibana,9.55,663.6MiB
3,C-samo-filter,obremenitev,8,logstash,42.35,807.3MiB
3,C-samo-filter,obremenitev,8,alertmanager,0.19,20.6MiB
3,C-samo-filter,obremenitev,9,prometheus,0.94,51.68MiB
3,C-samo-filter,obremenitev,9,node-exporter,0.00,9.027MiB
3,C-samo-filter,obremenitev,9,cadvisor,4.69,46.18MiB
3,C-samo-filter,obremenitev,9,grafana,0.06,53.45MiB
3,C-samo-filter,obremenitev,9,elasticsearch,6.07,1.975GiB
3,C-samo-filter,obremenitev,9,kibana,7.49,663.6MiB
3,C-samo-filter,obremenitev,9,logstash,26.03,807.3MiB
3,C-samo-filter,obremenitev,9,alertmanager,0.22,20.6MiB
3,C-samo-filter,obremenitev,10,prometheus,0.28,51.68MiB
3,C-samo-filter,obremenitev,10,node-exporter,0.00,9.25MiB
3,C-samo-filter,obremenitev,10,cadvisor,2.64,46.17MiB
3,C-samo-filter,obremenitev,10,grafana,0.11,53.45MiB
3,C-samo-filter,obremenitev,10,elasticsearch,6.97,1.975GiB
3,C-samo-filter,obremenitev,10,kibana,8.20,663.6MiB
3,C-samo-filter,obremenitev,10,logstash,21.22,807.5MiB
3,C-samo-filter,obremenitev,10,alertmanager,0.52,20.65MiB
3,D-oboje,mirovanje,1,prometheus,0.77,54.24MiB
3,D-oboje,mirovanje,1,node-exporter,0.00,9.109MiB
3,D-oboje,mirovanje,1,cadvisor,1.65,46.08MiB
3,D-oboje,mirovanje,1,grafana,0.06,53.46MiB
3,D-oboje,mirovanje,1,elasticsearch,1.10,1.975GiB
3,D-oboje,mirovanje,1,kibana,4.02,663.6MiB
3,D-oboje,mirovanje,1,logstash,1.58,774.9MiB
3,D-oboje,mirovanje,1,alertmanager,0.10,19.86MiB
3,D-oboje,mirovanje,2,prometheus,0.00,54.32MiB
3,D-oboje,mirovanje,2,node-exporter,0.00,9.109MiB
3,D-oboje,mirovanje,2,cadvisor,0.79,46.08MiB
3,D-oboje,mirovanje,2,grafana,0.04,53.46MiB
3,D-oboje,mirovanje,2,elasticsearch,0.72,1.975GiB
3,D-oboje,mirovanje,2,kibana,4.19,663.6MiB
3,D-oboje,mirovanje,2,logstash,1.44,775.2MiB
3,D-oboje,mirovanje,2,alertmanager,0.23,20.52MiB
3,D-oboje,mirovanje,3,prometheus,0.00,54.32MiB
3,D-oboje,mirovanje,3,node-exporter,0.00,9.109MiB
3,D-oboje,mirovanje,3,cadvisor,2.69,46.09MiB
3,D-oboje,mirovanje,3,grafana,0.06,53.46MiB
3,D-oboje,mirovanje,3,elasticsearch,1.74,1.975GiB
3,D-oboje,mirovanje,3,kibana,5.22,663.6MiB
3,D-oboje,mirovanje,3,logstash,1.58,775.3MiB
3,D-oboje,mirovanje,3,alertmanager,0.16,20.52MiB
3,D-oboje,mirovanje,4,prometheus,1.70,54.46MiB
3,D-oboje,mirovanje,4,node-exporter,0.00,9.109MiB
3,D-oboje,mirovanje,4,cadvisor,1.66,46.07MiB
3,D-oboje,mirovanje,4,grafana,0.03,53.46MiB
3,D-oboje,mirovanje,4,elasticsearch,0.83,1.975GiB
3,D-oboje,mirovanje,4,kibana,5.49,663.6MiB
3,D-oboje,mirovanje,4,logstash,1.43,775.3MiB
3,D-oboje,mirovanje,4,alertmanager,0.14,20.52MiB
3,D-oboje,mirovanje,5,prometheus,0.00,54.32MiB
3,D-oboje,mirovanje,5,node-exporter,0.00,9.133MiB
3,D-oboje,mirovanje,5,cadvisor,1.71,46.32MiB
3,D-oboje,mirovanje,5,grafana,0.10,53.46MiB
3,D-oboje,mirovanje,5,elasticsearch,0.93,1.975GiB
3,D-oboje,mirovanje,5,kibana,4.61,663.6MiB
3,D-oboje,mirovanje,5,logstash,1.29,775.4MiB
3,D-oboje,mirovanje,5,alertmanager,0.25,20.52MiB
3,D-oboje,mirovanje,6,prometheus,0.00,54.32MiB
3,D-oboje,mirovanje,6,node-exporter,0.00,9.133MiB
3,D-oboje,mirovanje,6,cadvisor,2.20,46.08MiB
3,D-oboje,mirovanje,6,grafana,0.20,53.46MiB
3,D-oboje,mirovanje,6,elasticsearch,1.01,1.975GiB
3,D-oboje,mirovanje,6,kibana,4.66,663.6MiB
3,D-oboje,mirovanje,6,logstash,1.51,775.6MiB
3,D-oboje,mirovanje,6,alertmanager,0.18,20.52MiB
3,D-oboje,mirovanje,7,prometheus,1.26,54.34MiB
3,D-oboje,mirovanje,7,node-exporter,0.00,9.133MiB
3,D-oboje,mirovanje,7,cadvisor,2.16,46.08MiB
3,D-oboje,mirovanje,7,grafana,0.09,53.46MiB
3,D-oboje,mirovanje,7,elasticsearch,1.36,1.975GiB
3,D-oboje,mirovanje,7,kibana,6.79,663.6MiB
3,D-oboje,mirovanje,7,logstash,7.49,776MiB
3,D-oboje,mirovanje,7,alertmanager,0.18,20.52MiB
3,D-oboje,mirovanje,8,prometheus,0.07,54.33MiB
3,D-oboje,mirovanje,8,node-exporter,0.00,9.188MiB
3,D-oboje,mirovanje,8,cadvisor,4.25,46.08MiB
3,D-oboje,mirovanje,8,grafana,0.12,53.46MiB
3,D-oboje,mirovanje,8,elasticsearch,1.34,1.975GiB
3,D-oboje,mirovanje,8,kibana,8.71,663.6MiB
3,D-oboje,mirovanje,8,logstash,7.06,776.4MiB
3,D-oboje,mirovanje,8,alertmanager,0.68,20.52MiB
3,D-oboje,mirovanje,9,prometheus,0.09,54.34MiB
3,D-oboje,mirovanje,9,node-exporter,0.00,9.188MiB
3,D-oboje,mirovanje,9,cadvisor,2.08,46.09MiB
3,D-oboje,mirovanje,9,grafana,0.09,53.46MiB
3,D-oboje,mirovanje,9,elasticsearch,0.99,1.975GiB
3,D-oboje,mirovanje,9,kibana,7.86,663.6MiB
3,D-oboje,mirovanje,9,logstash,7.36,776.6MiB
3,D-oboje,mirovanje,9,alertmanager,0.34,20.52MiB
3,D-oboje,mirovanje,10,prometheus,0.78,54.35MiB
3,D-oboje,mirovanje,10,node-exporter,3.82,9.188MiB
3,D-oboje,mirovanje,10,cadvisor,1.67,46.28MiB
3,D-oboje,mirovanje,10,grafana,0.05,53.46MiB
3,D-oboje,mirovanje,10,elasticsearch,2.49,1.975GiB
3,D-oboje,mirovanje,10,kibana,11.70,663.6MiB
3,D-oboje,mirovanje,10,logstash,13.71,776.7MiB
3,D-oboje,mirovanje,10,alertmanager,0.25,20.52MiB
3,D-oboje,obremenitev,1,prometheus,0.02,54.88MiB
3,D-oboje,obremenitev,1,node-exporter,0.00,8.938MiB
3,D-oboje,obremenitev,1,cadvisor,2.02,45.01MiB
3,D-oboje,obremenitev,1,grafana,0.14,53.25MiB
3,D-oboje,obremenitev,1,elasticsearch,6.87,1.975GiB
3,D-oboje,obremenitev,1,kibana,10.79,663.6MiB
3,D-oboje,obremenitev,1,logstash,19.90,817.1MiB
3,D-oboje,obremenitev,1,alertmanager,0.55,20.79MiB
3,D-oboje,obremenitev,2,prometheus,0.11,54.88MiB
3,D-oboje,obremenitev,2,node-exporter,0.00,8.938MiB
3,D-oboje,obremenitev,2,cadvisor,2.05,45.02MiB
3,D-oboje,obremenitev,2,grafana,0.12,53.25MiB
3,D-oboje,obremenitev,2,elasticsearch,5.75,1.975GiB
3,D-oboje,obremenitev,2,kibana,7.41,663.6MiB
3,D-oboje,obremenitev,2,logstash,24.30,817.7MiB
3,D-oboje,obremenitev,2,alertmanager,0.18,20.79MiB
3,D-oboje,obremenitev,3,prometheus,0.77,54.88MiB
3,D-oboje,obremenitev,3,node-exporter,2.55,8.934MiB
3,D-oboje,obremenitev,3,cadvisor,3.44,45.14MiB
3,D-oboje,obremenitev,3,grafana,0.05,53.25MiB
3,D-oboje,obremenitev,3,elasticsearch,7.23,1.975GiB
3,D-oboje,obremenitev,3,kibana,8.34,663.6MiB
3,D-oboje,obremenitev,3,logstash,22.27,817.9MiB
3,D-oboje,obremenitev,3,alertmanager,0.29,20.46MiB
3,D-oboje,obremenitev,4,prometheus,0.00,54.88MiB
3,D-oboje,obremenitev,4,node-exporter,0.00,8.934MiB
3,D-oboje,obremenitev,4,cadvisor,2.19,45.02MiB
3,D-oboje,obremenitev,4,grafana,1.17,53.46MiB
3,D-oboje,obremenitev,4,elasticsearch,6.26,1.975GiB
3,D-oboje,obremenitev,4,kibana,6.68,663.6MiB
3,D-oboje,obremenitev,4,logstash,18.14,818.1MiB
3,D-oboje,obremenitev,4,alertmanager,0.35,20.46MiB
3,D-oboje,obremenitev,5,prometheus,0.00,54.88MiB
3,D-oboje,obremenitev,5,node-exporter,0.00,8.934MiB
3,D-oboje,obremenitev,5,cadvisor,4.57,45.03MiB
3,D-oboje,obremenitev,5,grafana,0.13,53.47MiB
3,D-oboje,obremenitev,5,elasticsearch,11.57,1.975GiB
3,D-oboje,obremenitev,5,kibana,15.36,663.6MiB
3,D-oboje,obremenitev,5,logstash,23.54,818.2MiB
3,D-oboje,obremenitev,5,alertmanager,0.41,20.46MiB
3,D-oboje,obremenitev,6,prometheus,0.00,54.88MiB
3,D-oboje,obremenitev,6,node-exporter,0.00,8.934MiB
3,D-oboje,obremenitev,6,cadvisor,2.94,45.02MiB
3,D-oboje,obremenitev,6,grafana,0.19,53.46MiB
3,D-oboje,obremenitev,6,elasticsearch,7.26,1.975GiB
3,D-oboje,obremenitev,6,kibana,11.67,663.6MiB
3,D-oboje,obremenitev,6,logstash,15.53,810.5MiB
3,D-oboje,obremenitev,6,alertmanager,0.92,20.46MiB
3,D-oboje,obremenitev,7,prometheus,0.51,54.88MiB
3,D-oboje,obremenitev,7,node-exporter,0.00,8.934MiB
3,D-oboje,obremenitev,7,cadvisor,2.60,45.02MiB
3,D-oboje,obremenitev,7,grafana,0.15,53.46MiB
3,D-oboje,obremenitev,7,elasticsearch,10.06,1.975GiB
3,D-oboje,obremenitev,7,kibana,10.90,663.6MiB
3,D-oboje,obremenitev,7,logstash,20.34,810.5MiB
3,D-oboje,obremenitev,7,alertmanager,0.32,20.46MiB
3,D-oboje,obremenitev,8,prometheus,0.00,54.88MiB
3,D-oboje,obremenitev,8,node-exporter,0.00,8.934MiB
3,D-oboje,obremenitev,8,cadvisor,1.39,45.02MiB
3,D-oboje,obremenitev,8,grafana,0.07,53.46MiB
3,D-oboje,obremenitev,8,elasticsearch,5.89,1.975GiB
3,D-oboje,obremenitev,8,kibana,8.34,663.6MiB
3,D-oboje,obremenitev,8,logstash,12.66,810.5MiB
3,D-oboje,obremenitev,8,alertmanager,0.13,20.46MiB
3,D-oboje,obremenitev,9,prometheus,0.05,54.89MiB
3,D-oboje,obremenitev,9,node-exporter,0.00,8.945MiB
3,D-oboje,obremenitev,9,cadvisor,2.47,45.75MiB
3,D-oboje,obremenitev,9,grafana,0.09,53.46MiB
3,D-oboje,obremenitev,9,elasticsearch,8.46,1.975GiB
3,D-oboje,obremenitev,9,kibana,9.53,663.6MiB
3,D-oboje,obremenitev,9,logstash,18.62,810.6MiB
3,D-oboje,obremenitev,9,alertmanager,0.47,20.84MiB
3,D-oboje,obremenitev,10,prometheus,0.36,54.89MiB
3,D-oboje,obremenitev,10,node-exporter,0.00,8.945MiB
3,D-oboje,obremenitev,10,cadvisor,2.84,45.75MiB
3,D-oboje,obremenitev,10,grafana,0.95,53.46MiB
3,D-oboje,obremenitev,10,elasticsearch,24.44,1.975GiB
3,D-oboje,obremenitev,10,kibana,7.70,663.6MiB
3,D-oboje,obremenitev,10,logstash,16.83,810.5MiB
3,D-oboje,obremenitev,10,alertmanager,0.34,20.84MiB
3,E-paketno,mirovanje,1,prometheus,0.40,54.08MiB
3,E-paketno,mirovanje,1,node-exporter,0.00,9.434MiB
3,E-paketno,mirovanje,1,cadvisor,2.37,44.99MiB
3,E-paketno,mirovanje,1,grafana,0.23,53.47MiB
3,E-paketno,mirovanje,1,elasticsearch,1.41,1.975GiB
3,E-paketno,mirovanje,1,kibana,4.68,662.4MiB
3,E-paketno,mirovanje,1,logstash,1.95,676.1MiB
3,E-paketno,mirovanje,1,alertmanager,0.32,19.8MiB
3,E-paketno,mirovanje,2,prometheus,0.44,54.08MiB
3,E-paketno,mirovanje,2,node-exporter,0.00,9.434MiB
3,E-paketno,mirovanje,2,cadvisor,1.27,45.12MiB
3,E-paketno,mirovanje,2,grafana,0.21,53.47MiB
3,E-paketno,mirovanje,2,elasticsearch,1.36,1.975GiB
3,E-paketno,mirovanje,2,kibana,6.30,662.4MiB
3,E-paketno,mirovanje,2,logstash,4.47,676.5MiB
3,E-paketno,mirovanje,2,alertmanager,0.24,19.8MiB
3,E-paketno,mirovanje,3,prometheus,0.08,54.08MiB
3,E-paketno,mirovanje,3,node-exporter,0.00,9.434MiB
3,E-paketno,mirovanje,3,cadvisor,1.68,44.99MiB
3,E-paketno,mirovanje,3,grafana,0.24,53.47MiB
3,E-paketno,mirovanje,3,elasticsearch,1.55,1.975GiB
3,E-paketno,mirovanje,3,kibana,8.58,662.4MiB
3,E-paketno,mirovanje,3,logstash,4.09,676.5MiB
3,E-paketno,mirovanje,3,alertmanager,0.18,19.8MiB
3,E-paketno,mirovanje,4,prometheus,0.00,54.08MiB
3,E-paketno,mirovanje,4,node-exporter,0.00,8.949MiB
3,E-paketno,mirovanje,4,cadvisor,2.01,45MiB
3,E-paketno,mirovanje,4,grafana,0.12,53.47MiB
3,E-paketno,mirovanje,4,elasticsearch,2.32,1.975GiB
3,E-paketno,mirovanje,4,kibana,8.17,662.4MiB
3,E-paketno,mirovanje,4,logstash,5.02,676.6MiB
3,E-paketno,mirovanje,4,alertmanager,0.93,19.8MiB
3,E-paketno,mirovanje,5,prometheus,0.40,54.08MiB
3,E-paketno,mirovanje,5,node-exporter,0.00,8.949MiB
3,E-paketno,mirovanje,5,cadvisor,3.70,45.04MiB
3,E-paketno,mirovanje,5,grafana,0.27,53.47MiB
3,E-paketno,mirovanje,5,elasticsearch,2.82,1.975GiB
3,E-paketno,mirovanje,5,kibana,12.07,662.4MiB
3,E-paketno,mirovanje,5,logstash,13.25,676.8MiB
3,E-paketno,mirovanje,5,alertmanager,0.38,19.8MiB
3,E-paketno,mirovanje,6,prometheus,2.64,54.09MiB
3,E-paketno,mirovanje,6,node-exporter,0.00,8.949MiB
3,E-paketno,mirovanje,6,cadvisor,11.27,45.23MiB
3,E-paketno,mirovanje,6,grafana,0.13,53.47MiB
3,E-paketno,mirovanje,6,elasticsearch,5.89,1.975GiB
3,E-paketno,mirovanje,6,kibana,14.48,662.4MiB
3,E-paketno,mirovanje,6,logstash,19.06,677MiB
3,E-paketno,mirovanje,6,alertmanager,0.28,19.8MiB
3,E-paketno,mirovanje,7,prometheus,0.39,54.08MiB
3,E-paketno,mirovanje,7,node-exporter,0.00,8.957MiB
3,E-paketno,mirovanje,7,cadvisor,4.58,45.11MiB
3,E-paketno,mirovanje,7,grafana,0.30,53.47MiB
3,E-paketno,mirovanje,7,elasticsearch,2.47,1.975GiB
3,E-paketno,mirovanje,7,kibana,10.84,662.4MiB
3,E-paketno,mirovanje,7,logstash,7.35,677.3MiB
3,E-paketno,mirovanje,7,alertmanager,1.26,19.8MiB
3,E-paketno,mirovanje,8,prometheus,0.00,54.08MiB
3,E-paketno,mirovanje,8,node-exporter,0.00,8.957MiB
3,E-paketno,mirovanje,8,cadvisor,10.82,45.12MiB
3,E-paketno,mirovanje,8,grafana,0.66,53.47MiB
3,E-paketno,mirovanje,8,elasticsearch,4.37,1.975GiB
3,E-paketno,mirovanje,8,kibana,14.87,662.4MiB
3,E-paketno,mirovanje,8,logstash,7.59,677.5MiB
3,E-paketno,mirovanje,8,alertmanager,0.26,19.8MiB
3,E-paketno,mirovanje,9,prometheus,1.74,54.09MiB
3,E-paketno,mirovanje,9,node-exporter,0.00,8.957MiB
3,E-paketno,mirovanje,9,cadvisor,4.53,45.12MiB
3,E-paketno,mirovanje,9,grafana,0.16,53.47MiB
3,E-paketno,mirovanje,9,elasticsearch,2.69,1.975GiB
3,E-paketno,mirovanje,9,kibana,10.10,662.4MiB
3,E-paketno,mirovanje,9,logstash,1.69,677.5MiB
3,E-paketno,mirovanje,9,alertmanager,0.31,19.8MiB
3,E-paketno,mirovanje,10,prometheus,0.00,54.09MiB
3,E-paketno,mirovanje,10,node-exporter,0.00,8.957MiB
3,E-paketno,mirovanje,10,cadvisor,1.82,45.12MiB
3,E-paketno,mirovanje,10,grafana,0.08,53.47MiB
3,E-paketno,mirovanje,10,elasticsearch,0.92,1.975GiB
3,E-paketno,mirovanje,10,kibana,3.94,662.4MiB
3,E-paketno,mirovanje,10,logstash,0.82,677.7MiB
3,E-paketno,mirovanje,10,alertmanager,0.17,19.8MiB
3,E-paketno,obremenitev,1,prometheus,0.00,54.35MiB
3,E-paketno,obremenitev,1,node-exporter,0.00,8.984MiB
3,E-paketno,obremenitev,1,cadvisor,2.37,45.85MiB
3,E-paketno,obremenitev,1,grafana,0.17,53.48MiB
3,E-paketno,obremenitev,1,elasticsearch,1.96,1.978GiB
3,E-paketno,obremenitev,1,kibana,3.68,662.4MiB
3,E-paketno,obremenitev,1,logstash,2.29,734.3MiB
3,E-paketno,obremenitev,1,alertmanager,0.12,19.36MiB
3,E-paketno,obremenitev,2,prometheus,1.00,54.35MiB
3,E-paketno,obremenitev,2,node-exporter,0.00,8.984MiB
3,E-paketno,obremenitev,2,cadvisor,2.20,45.86MiB
3,E-paketno,obremenitev,2,grafana,0.05,53.48MiB
3,E-paketno,obremenitev,2,elasticsearch,1.46,1.978GiB
3,E-paketno,obremenitev,2,kibana,5.14,662.4MiB
3,E-paketno,obremenitev,2,logstash,4.44,734.3MiB
3,E-paketno,obremenitev,2,alertmanager,0.12,19.36MiB
3,E-paketno,obremenitev,3,prometheus,0.01,54.36MiB
3,E-paketno,obremenitev,3,node-exporter,0.00,8.984MiB
3,E-paketno,obremenitev,3,cadvisor,2.91,45.84MiB
3,E-paketno,obremenitev,3,grafana,0.12,53.48MiB
3,E-paketno,obremenitev,3,elasticsearch,0.87,1.978GiB
3,E-paketno,obremenitev,3,kibana,3.96,662.4MiB
3,E-paketno,obremenitev,3,logstash,4.26,734.3MiB
3,E-paketno,obremenitev,3,alertmanager,0.34,19.36MiB
3,E-paketno,obremenitev,4,prometheus,0.00,54.36MiB
3,E-paketno,obremenitev,4,node-exporter,0.00,8.984MiB
3,E-paketno,obremenitev,4,cadvisor,4.48,45.84MiB
3,E-paketno,obremenitev,4,grafana,0.21,53.48MiB
3,E-paketno,obremenitev,4,elasticsearch,0.81,1.978GiB
3,E-paketno,obremenitev,4,kibana,4.32,662.4MiB
3,E-paketno,obremenitev,4,logstash,4.06,734.3MiB
3,E-paketno,obremenitev,4,alertmanager,0.18,19.36MiB
3,E-paketno,obremenitev,5,prometheus,0.39,54.37MiB
3,E-paketno,obremenitev,5,node-exporter,1.88,9.07MiB
3,E-paketno,obremenitev,5,cadvisor,2.45,45.84MiB
3,E-paketno,obremenitev,5,grafana,0.10,53.48MiB
3,E-paketno,obremenitev,5,elasticsearch,1.60,1.978GiB
3,E-paketno,obremenitev,5,kibana,5.90,662.4MiB
3,E-paketno,obremenitev,5,logstash,4.79,734.2MiB
3,E-paketno,obremenitev,5,alertmanager,0.25,19.37MiB
3,E-paketno,obremenitev,6,prometheus,0.04,54.36MiB
3,E-paketno,obremenitev,6,node-exporter,0.00,9.07MiB
3,E-paketno,obremenitev,6,cadvisor,2.00,45.85MiB
3,E-paketno,obremenitev,6,grafana,0.06,53.48MiB
3,E-paketno,obremenitev,6,elasticsearch,1.01,1.978GiB
3,E-paketno,obremenitev,6,kibana,4.04,662.4MiB
3,E-paketno,obremenitev,6,logstash,3.84,734.2MiB
3,E-paketno,obremenitev,6,alertmanager,0.14,20MiB
3,E-paketno,obremenitev,7,prometheus,0.00,54.36MiB
3,E-paketno,obremenitev,7,node-exporter,0.00,9.07MiB
3,E-paketno,obremenitev,7,cadvisor,2.51,45.85MiB
3,E-paketno,obremenitev,7,grafana,0.27,53.48MiB
3,E-paketno,obremenitev,7,elasticsearch,0.75,1.978GiB
3,E-paketno,obremenitev,7,kibana,5.07,662.4MiB
3,E-paketno,obremenitev,7,logstash,5.49,734.2MiB
3,E-paketno,obremenitev,7,alertmanager,0.16,20MiB
3,E-paketno,obremenitev,8,prometheus,0.59,54.37MiB
3,E-paketno,obremenitev,8,node-exporter,2.86,9.219MiB
3,E-paketno,obremenitev,8,cadvisor,1.26,45.86MiB
3,E-paketno,obremenitev,8,grafana,0.13,53.48MiB
3,E-paketno,obremenitev,8,elasticsearch,1.60,1.978GiB
3,E-paketno,obremenitev,8,kibana,4.87,662.4MiB
3,E-paketno,obremenitev,8,logstash,8.35,734.2MiB
3,E-paketno,obremenitev,8,alertmanager,0.14,20MiB
3,E-paketno,obremenitev,9,prometheus,0.05,54.37MiB
3,E-paketno,obremenitev,9,node-exporter,0.00,9.219MiB
3,E-paketno,obremenitev,9,cadvisor,2.09,45.86MiB
3,E-paketno,obremenitev,9,grafana,0.28,53.48MiB
3,E-paketno,obremenitev,9,elasticsearch,0.81,1.978GiB
3,E-paketno,obremenitev,9,kibana,4.86,662.5MiB
3,E-paketno,obremenitev,9,logstash,4.90,734.2MiB
3,E-paketno,obremenitev,9,alertmanager,0.19,20.08MiB
3,E-paketno,obremenitev,10,prometheus,0.03,54.37MiB
3,E-paketno,obremenitev,10,node-exporter,0.00,9.219MiB
3,E-paketno,obremenitev,10,cadvisor,3.57,45.86MiB
3,E-paketno,obremenitev,10,grafana,0.03,53.48MiB
3,E-paketno,obremenitev,10,elasticsearch,0.65,1.978GiB
3,E-paketno,obremenitev,10,kibana,4.20,662.4MiB
3,E-paketno,obremenitev,10,logstash,5.00,734.2MiB
3,E-paketno,obremenitev,10,alertmanager,0.14,20.08MiB
4,A-izhodisce,mirovanje,1,prometheus,0.02,54.65MiB
4,A-izhodisce,mirovanje,1,node-exporter,0.00,9.152MiB
4,A-izhodisce,mirovanje,1,cadvisor,2.68,44.27MiB
4,A-izhodisce,mirovanje,1,grafana,0.10,53.48MiB
4,A-izhodisce,mirovanje,1,elasticsearch,0.97,1.978GiB
4,A-izhodisce,mirovanje,1,kibana,3.04,663.8MiB
4,A-izhodisce,mirovanje,1,logstash,4.51,709.4MiB
4,A-izhodisce,mirovanje,1,alertmanager,0.21,19.66MiB
4,A-izhodisce,mirovanje,2,prometheus,0.45,54.67MiB
4,A-izhodisce,mirovanje,2,node-exporter,3.27,9.203MiB
4,A-izhodisce,mirovanje,2,cadvisor,1.52,45.11MiB
4,A-izhodisce,mirovanje,2,grafana,0.22,53.48MiB
4,A-izhodisce,mirovanje,2,elasticsearch,1.64,1.978GiB
4,A-izhodisce,mirovanje,2,kibana,6.70,663.8MiB
4,A-izhodisce,mirovanje,2,logstash,2.09,709.6MiB
4,A-izhodisce,mirovanje,2,alertmanager,0.14,19.67MiB
4,A-izhodisce,mirovanje,3,prometheus,0.09,54.65MiB
4,A-izhodisce,mirovanje,3,node-exporter,0.00,9.199MiB
4,A-izhodisce,mirovanje,3,cadvisor,2.43,45.1MiB
4,A-izhodisce,mirovanje,3,grafana,0.11,53.48MiB
4,A-izhodisce,mirovanje,3,elasticsearch,0.88,1.978GiB
4,A-izhodisce,mirovanje,3,kibana,3.90,663.8MiB
4,A-izhodisce,mirovanje,3,logstash,1.56,709.8MiB
4,A-izhodisce,mirovanje,3,alertmanager,0.29,20.23MiB
4,A-izhodisce,mirovanje,4,prometheus,0.04,54.65MiB
4,A-izhodisce,mirovanje,4,node-exporter,0.00,9.199MiB
4,A-izhodisce,mirovanje,4,cadvisor,1.40,45.11MiB
4,A-izhodisce,mirovanje,4,grafana,0.04,53.48MiB
4,A-izhodisce,mirovanje,4,elasticsearch,0.56,1.978GiB
4,A-izhodisce,mirovanje,4,kibana,2.74,663.8MiB
4,A-izhodisce,mirovanje,4,logstash,1.06,709.8MiB
4,A-izhodisce,mirovanje,4,alertmanager,0.20,20.24MiB
4,A-izhodisce,mirovanje,5,prometheus,0.57,54.66MiB
4,A-izhodisce,mirovanje,5,node-exporter,2.87,9.207MiB
4,A-izhodisce,mirovanje,5,cadvisor,1.92,45.77MiB
4,A-izhodisce,mirovanje,5,grafana,0.04,53.48MiB
4,A-izhodisce,mirovanje,5,elasticsearch,34.99,1.978GiB
4,A-izhodisce,mirovanje,5,kibana,6.85,663.8MiB
4,A-izhodisce,mirovanje,5,logstash,1.88,709.9MiB
4,A-izhodisce,mirovanje,5,alertmanager,0.07,20.24MiB
4,A-izhodisce,mirovanje,6,prometheus,0.11,54.66MiB
4,A-izhodisce,mirovanje,6,node-exporter,0.00,9.207MiB
4,A-izhodisce,mirovanje,6,cadvisor,1.05,45.9MiB
4,A-izhodisce,mirovanje,6,grafana,0.21,53.48MiB
4,A-izhodisce,mirovanje,6,elasticsearch,0.88,1.978GiB
4,A-izhodisce,mirovanje,6,kibana,5.31,663.8MiB
4,A-izhodisce,mirovanje,6,logstash,3.07,710MiB
4,A-izhodisce,mirovanje,6,alertmanager,0.30,20.24MiB
4,A-izhodisce,mirovanje,7,prometheus,0.01,54.66MiB
4,A-izhodisce,mirovanje,7,node-exporter,0.00,9.207MiB
4,A-izhodisce,mirovanje,7,cadvisor,1.07,45.78MiB
4,A-izhodisce,mirovanje,7,grafana,0.04,53.48MiB
4,A-izhodisce,mirovanje,7,elasticsearch,0.83,1.978GiB
4,A-izhodisce,mirovanje,7,kibana,5.18,663.8MiB
4,A-izhodisce,mirovanje,7,logstash,2.23,710.2MiB
4,A-izhodisce,mirovanje,7,alertmanager,0.16,20.24MiB
4,A-izhodisce,mirovanje,8,prometheus,1.44,54.66MiB
4,A-izhodisce,mirovanje,8,node-exporter,2.19,9.211MiB
4,A-izhodisce,mirovanje,8,cadvisor,1.04,45.97MiB
4,A-izhodisce,mirovanje,8,grafana,0.44,53.48MiB
4,A-izhodisce,mirovanje,8,elasticsearch,1.36,1.978GiB
4,A-izhodisce,mirovanje,8,kibana,5.63,663.8MiB
4,A-izhodisce,mirovanje,8,logstash,1.62,710.7MiB
4,A-izhodisce,mirovanje,8,alertmanager,0.14,20.24MiB
4,A-izhodisce,mirovanje,9,prometheus,0.07,54.66MiB
4,A-izhodisce,mirovanje,9,node-exporter,0.00,9.211MiB
4,A-izhodisce,mirovanje,9,cadvisor,1.73,45.97MiB
4,A-izhodisce,mirovanje,9,grafana,0.15,53.48MiB
4,A-izhodisce,mirovanje,9,elasticsearch,1.75,1.978GiB
4,A-izhodisce,mirovanje,9,kibana,6.12,663.8MiB
4,A-izhodisce,mirovanje,9,logstash,2.17,710.8MiB
4,A-izhodisce,mirovanje,9,alertmanager,0.17,20.24MiB
4,A-izhodisce,mirovanje,10,prometheus,0.00,54.66MiB
4,A-izhodisce,mirovanje,10,node-exporter,0.00,9.211MiB
4,A-izhodisce,mirovanje,10,cadvisor,4.94,45.97MiB
4,A-izhodisce,mirovanje,10,grafana,0.35,53.48MiB
4,A-izhodisce,mirovanje,10,elasticsearch,1.27,1.978GiB
4,A-izhodisce,mirovanje,10,kibana,8.09,663.8MiB
4,A-izhodisce,mirovanje,10,logstash,4.39,711.1MiB
4,A-izhodisce,mirovanje,10,alertmanager,0.28,20.24MiB
4,A-izhodisce,obremenitev,1,prometheus,0.26,54.79MiB
4,A-izhodisce,obremenitev,1,node-exporter,0.00,9.262MiB
4,A-izhodisce,obremenitev,1,cadvisor,2.57,44.39MiB
4,A-izhodisce,obremenitev,1,grafana,0.07,53.49MiB
4,A-izhodisce,obremenitev,1,elasticsearch,12.54,1.978GiB
4,A-izhodisce,obremenitev,1,kibana,5.75,664.1MiB
4,A-izhodisce,obremenitev,1,logstash,19.18,765.5MiB
4,A-izhodisce,obremenitev,1,alertmanager,1.50,19.97MiB
4,A-izhodisce,obremenitev,2,prometheus,0.29,54.8MiB
4,A-izhodisce,obremenitev,2,node-exporter,0.00,9.262MiB
4,A-izhodisce,obremenitev,2,cadvisor,3.56,44.4MiB
4,A-izhodisce,obremenitev,2,grafana,0.08,53.49MiB
4,A-izhodisce,obremenitev,2,elasticsearch,5.62,1.978GiB
4,A-izhodisce,obremenitev,2,kibana,7.16,664.1MiB
4,A-izhodisce,obremenitev,2,logstash,31.87,801.9MiB
4,A-izhodisce,obremenitev,2,alertmanager,0.24,19.97MiB
4,A-izhodisce,obremenitev,3,prometheus,0.00,54.79MiB
4,A-izhodisce,obremenitev,3,node-exporter,0.00,9.262MiB
4,A-izhodisce,obremenitev,3,cadvisor,2.57,44.4MiB
4,A-izhodisce,obremenitev,3,grafana,0.06,53.49MiB
4,A-izhodisce,obremenitev,3,elasticsearch,4.76,1.978GiB
4,A-izhodisce,obremenitev,3,kibana,5.31,664.1MiB
4,A-izhodisce,obremenitev,3,logstash,13.48,802.1MiB
4,A-izhodisce,obremenitev,3,alertmanager,0.13,19.97MiB
4,A-izhodisce,obremenitev,4,prometheus,0.00,54.79MiB
4,A-izhodisce,obremenitev,4,node-exporter,0.00,9.457MiB
4,A-izhodisce,obremenitev,4,cadvisor,2.71,45.6MiB
4,A-izhodisce,obremenitev,4,grafana,0.10,53.49MiB
4,A-izhodisce,obremenitev,4,elasticsearch,5.88,1.978GiB
4,A-izhodisce,obremenitev,4,kibana,6.54,664.1MiB
4,A-izhodisce,obremenitev,4,logstash,37.70,802.5MiB
4,A-izhodisce,obremenitev,4,alertmanager,0.49,19.98MiB
4,A-izhodisce,obremenitev,5,prometheus,0.00,54.79MiB
4,A-izhodisce,obremenitev,5,node-exporter,0.00,9.457MiB
4,A-izhodisce,obremenitev,5,cadvisor,1.69,45.8MiB
4,A-izhodisce,obremenitev,5,grafana,0.17,53.49MiB
4,A-izhodisce,obremenitev,5,elasticsearch,6.10,1.978GiB
4,A-izhodisce,obremenitev,5,kibana,6.22,664.1MiB
4,A-izhodisce,obremenitev,5,logstash,16.82,802.6MiB
4,A-izhodisce,obremenitev,5,alertmanager,0.19,19.98MiB
4,A-izhodisce,obremenitev,6,prometheus,0.00,54.8MiB
4,A-izhodisce,obremenitev,6,node-exporter,0.00,9.457MiB
4,A-izhodisce,obremenitev,6,cadvisor,1.41,45.84MiB
4,A-izhodisce,obremenitev,6,grafana,0.09,53.49MiB
4,A-izhodisce,obremenitev,6,elasticsearch,5.28,1.978GiB
4,A-izhodisce,obremenitev,6,kibana,7.48,664.1MiB
4,A-izhodisce,obremenitev,6,logstash,12.07,802.8MiB
4,A-izhodisce,obremenitev,6,alertmanager,0.14,19.98MiB
4,A-izhodisce,obremenitev,7,prometheus,0.06,54.79MiB
4,A-izhodisce,obremenitev,7,node-exporter,0.00,9.305MiB
4,A-izhodisce,obremenitev,7,cadvisor,4.08,46.47MiB
4,A-izhodisce,obremenitev,7,grafana,0.14,53.49MiB
4,A-izhodisce,obremenitev,7,elasticsearch,7.63,1.978GiB
4,A-izhodisce,obremenitev,7,kibana,10.30,664.1MiB
4,A-izhodisce,obremenitev,7,logstash,18.26,802.8MiB
4,A-izhodisce,obremenitev,7,alertmanager,0.78,19.98MiB
4,A-izhodisce,obremenitev,8,prometheus,0.31,54.9MiB
4,A-izhodisce,obremenitev,8,node-exporter,0.00,9.305MiB
4,A-izhodisce,obremenitev,8,cadvisor,3.47,46.48MiB
4,A-izhodisce,obremenitev,8,grafana,2.70,53.52MiB
4,A-izhodisce,obremenitev,8,elasticsearch,7.10,1.978GiB
4,A-izhodisce,obremenitev,8,kibana,9.98,664.1MiB
4,A-izhodisce,obremenitev,8,logstash,39.33,802.9MiB
4,A-izhodisce,obremenitev,8,alertmanager,0.50,19.98MiB
4,A-izhodisce,obremenitev,9,prometheus,0.00,54.79MiB
4,A-izhodisce,obremenitev,9,node-exporter,0.00,9.305MiB
4,A-izhodisce,obremenitev,9,cadvisor,1.51,46.46MiB
4,A-izhodisce,obremenitev,9,grafana,0.06,53.52MiB
4,A-izhodisce,obremenitev,9,elasticsearch,4.21,1.978GiB
4,A-izhodisce,obremenitev,9,kibana,6.12,664.1MiB
4,A-izhodisce,obremenitev,9,logstash,14.11,803MiB
4,A-izhodisce,obremenitev,9,alertmanager,0.12,19.98MiB
4,A-izhodisce,obremenitev,10,prometheus,0.00,54.8MiB
4,A-izhodisce,obremenitev,10,node-exporter,0.00,9.051MiB
4,A-izhodisce,obremenitev,10,cadvisor,2.52,46.47MiB
4,A-izhodisce,obremenitev,10,grafana,0.06,53.52MiB
4,A-izhodisce,obremenitev,10,elasticsearch,6.63,1.978GiB
4,A-izhodisce,obremenitev,10,kibana,7.53,664.1MiB
4,A-izhodisce,obremenitev,10,logstash,15.38,803.1MiB
4,A-izhodisce,obremenitev,10,alertmanager,0.93,20.23MiB
4,B-brez-stdout,mirovanje,1,prometheus,0.00,55.52MiB
4,B-brez-stdout,mirovanje,1,node-exporter,0.00,9.441MiB
4,B-brez-stdout,mirovanje,1,cadvisor,1.97,45.65MiB
4,B-brez-stdout,mirovanje,1,grafana,0.08,53.52MiB
4,B-brez-stdout,mirovanje,1,elasticsearch,1.25,1.978GiB
4,B-brez-stdout,mirovanje,1,kibana,3.43,664.1MiB
4,B-brez-stdout,mirovanje,1,logstash,1.51,637.8MiB
4,B-brez-stdout,mirovanje,1,alertmanager,0.11,19.89MiB
4,B-brez-stdout,mirovanje,2,prometheus,0.00,55.75MiB
4,B-brez-stdout,mirovanje,2,node-exporter,0.00,9.441MiB
4,B-brez-stdout,mirovanje,2,cadvisor,1.80,45.65MiB
4,B-brez-stdout,mirovanje,2,grafana,0.06,53.52MiB
4,B-brez-stdout,mirovanje,2,elasticsearch,1.53,1.978GiB
4,B-brez-stdout,mirovanje,2,kibana,4.22,664.1MiB
4,B-brez-stdout,mirovanje,2,logstash,1.60,637.8MiB
4,B-brez-stdout,mirovanje,2,alertmanager,0.12,19.89MiB
4,B-brez-stdout,mirovanje,3,prometheus,0.02,55.76MiB
4,B-brez-stdout,mirovanje,3,node-exporter,0.00,9.441MiB
4,B-brez-stdout,mirovanje,3,cadvisor,3.08,47.34MiB
4,B-brez-stdout,mirovanje,3,grafana,0.05,53.52MiB
4,B-brez-stdout,mirovanje,3,elasticsearch,0.70,1.978GiB
4,B-brez-stdout,mirovanje,3,kibana,3.96,664.1MiB
4,B-brez-stdout,mirovanje,3,logstash,1.71,637.8MiB
4,B-brez-stdout,mirovanje,3,alertmanager,0.15,19.89MiB
4,B-brez-stdout,mirovanje,4,prometheus,0.00,55.76MiB
4,B-brez-stdout,mirovanje,4,node-exporter,0.00,9.488MiB
4,B-brez-stdout,mirovanje,4,cadvisor,1.64,47.34MiB
4,B-brez-stdout,mirovanje,4,grafana,0.17,53.52MiB
4,B-brez-stdout,mirovanje,4,elasticsearch,0.95,1.978GiB
4,B-brez-stdout,mirovanje,4,kibana,4.13,664.3MiB
4,B-brez-stdout,mirovanje,4,logstash,1.38,637.9MiB
4,B-brez-stdout,mirovanje,4,alertmanager,0.14,19.98MiB
4,B-brez-stdout,mirovanje,5,prometheus,0.10,55.76MiB
4,B-brez-stdout,mirovanje,5,node-exporter,0.00,9.488MiB
4,B-brez-stdout,mirovanje,5,cadvisor,2.13,47.35MiB
4,B-brez-stdout,mirovanje,5,grafana,0.21,53.52MiB
4,B-brez-stdout,mirovanje,5,elasticsearch,1.12,1.978GiB
4,B-brez-stdout,mirovanje,5,kibana,4.64,664.3MiB
4,B-brez-stdout,mirovanje,5,logstash,1.39,637.9MiB
4,B-brez-stdout,mirovanje,5,alertmanager,0.12,19.98MiB
4,B-brez-stdout,mirovanje,6,prometheus,0.42,55.76MiB
4,B-brez-stdout,mirovanje,6,node-exporter,1.53,9.051MiB
4,B-brez-stdout,mirovanje,6,cadvisor,1.29,45.64MiB
4,B-brez-stdout,mirovanje,6,grafana,0.05,53.52MiB
4,B-brez-stdout,mirovanje,6,elasticsearch,1.30,1.978GiB
4,B-brez-stdout,mirovanje,6,kibana,3.69,664.3MiB
4,B-brez-stdout,mirovanje,6,logstash,1.54,637.9MiB
4,B-brez-stdout,mirovanje,6,alertmanager,0.16,19.98MiB
4,B-brez-stdout,mirovanje,7,prometheus,0.09,55.76MiB
4,B-brez-stdout,mirovanje,7,node-exporter,0.00,9.051MiB
4,B-brez-stdout,mirovanje,7,cadvisor,1.80,45.64MiB
4,B-brez-stdout,mirovanje,7,grafana,0.20,53.52MiB
4,B-brez-stdout,mirovanje,7,elasticsearch,0.87,1.978GiB
4,B-brez-stdout,mirovanje,7,kibana,4.10,664.3MiB
4,B-brez-stdout,mirovanje,7,logstash,1.33,638MiB
4,B-brez-stdout,mirovanje,7,alertmanager,0.19,20.63MiB
4,B-brez-stdout,mirovanje,8,prometheus,0.01,55.76MiB
4,B-brez-stdout,mirovanje,8,node-exporter,0.00,9.051MiB
4,B-brez-stdout,mirovanje,8,cadvisor,2.88,45.64MiB
4,B-brez-stdout,mirovanje,8,grafana,0.04,53.52MiB
4,B-brez-stdout,mirovanje,8,elasticsearch,1.32,1.978GiB
4,B-brez-stdout,mirovanje,8,kibana,4.99,664.3MiB
4,B-brez-stdout,mirovanje,8,logstash,1.35,638MiB
4,B-brez-stdout,mirovanje,8,alertmanager,0.14,20.63MiB
4,B-brez-stdout,mirovanje,9,prometheus,0.55,55.77MiB
4,B-brez-stdout,mirovanje,9,node-exporter,1.37,9.051MiB
4,B-brez-stdout,mirovanje,9,cadvisor,1.86,43.28MiB
4,B-brez-stdout,mirovanje,9,grafana,0.11,53.52MiB
4,B-brez-stdout,mirovanje,9,elasticsearch,0.65,1.978GiB
4,B-brez-stdout,mirovanje,9,kibana,3.88,664.3MiB
4,B-brez-stdout,mirovanje,9,logstash,1.15,638MiB
4,B-brez-stdout,mirovanje,9,alertmanager,0.23,20.63MiB
4,B-brez-stdout,mirovanje,10,prometheus,0.03,55.76MiB
4,B-brez-stdout,mirovanje,10,node-exporter,0.00,9.051MiB
4,B-brez-stdout,mirovanje,10,cadvisor,2.20,43.47MiB
4,B-brez-stdout,mirovanje,10,grafana,0.02,53.52MiB
4,B-brez-stdout,mirovanje,10,elasticsearch,1.00,1.978GiB
4,B-brez-stdout,mirovanje,10,kibana,4.20,664.3MiB
4,B-brez-stdout,mirovanje,10,logstash,1.23,638MiB
4,B-brez-stdout,mirovanje,10,alertmanager,0.21,20.66MiB
4,B-brez-stdout,obremenitev,1,prometheus,0.00,55.77MiB
4,B-brez-stdout,obremenitev,1,node-exporter,0.00,9.082MiB
4,B-brez-stdout,obremenitev,1,cadvisor,1.68,46.07MiB
4,B-brez-stdout,obremenitev,1,grafana,0.16,53.53MiB
4,B-brez-stdout,obremenitev,1,elasticsearch,3.68,1.978GiB
4,B-brez-stdout,obremenitev,1,kibana,5.11,664.4MiB
4,B-brez-stdout,obremenitev,1,logstash,6.02,762.4MiB
4,B-brez-stdout,obremenitev,1,alertmanager,0.29,21.12MiB
4,B-brez-stdout,obremenitev,2,prometheus,0.02,55.78MiB
4,B-brez-stdout,obremenitev,2,node-exporter,2.80,9.152MiB
4,B-brez-stdout,obremenitev,2,cadvisor,2.00,44.48MiB
4,B-brez-stdout,obremenitev,2,grafana,0.02,53.53MiB
4,B-brez-stdout,obremenitev,2,elasticsearch,5.03,1.978GiB
4,B-brez-stdout,obremenitev,2,kibana,7.61,664.4MiB
4,B-brez-stdout,obremenitev,2,logstash,18.54,762.7MiB
4,B-brez-stdout,obremenitev,2,alertmanager,0.76,21.12MiB
4,B-brez-stdout,obremenitev,3,prometheus,0.00,55.77MiB
4,B-brez-stdout,obremenitev,3,node-exporter,0.00,9.152MiB
4,B-brez-stdout,obremenitev,3,cadvisor,2.39,44.48MiB
4,B-brez-stdout,obremenitev,3,grafana,0.23,53.53MiB
4,B-brez-stdout,obremenitev,3,elasticsearch,3.72,1.978GiB
4,B-brez-stdout,obremenitev,3,kibana,6.05,664.4MiB
4,B-brez-stdout,obremenitev,3,logstash,8.88,762.8MiB
4,B-brez-stdout,obremenitev,3,alertmanager,0.18,21.12MiB
4,B-brez-stdout,obremenitev,4,prometheus,0.00,55.79MiB
4,B-brez-stdout,obremenitev,4,node-exporter,0.00,9.152MiB
4,B-brez-stdout,obremenitev,4,cadvisor,4.15,43.68MiB
4,B-brez-stdout,obremenitev,4,grafana,0.05,53.53MiB
4,B-brez-stdout,obremenitev,4,elasticsearch,4.74,1.978GiB
4,B-brez-stdout,obremenitev,4,kibana,5.80,664.4MiB
4,B-brez-stdout,obremenitev,4,logstash,14.80,763.1MiB
4,B-brez-stdout,obremenitev,4,alertmanager,0.15,21.12MiB
4,B-brez-stdout,obremenitev,5,prometheus,0.23,55.83MiB
4,B-brez-stdout,obremenitev,5,node-exporter,0.00,9.242MiB
4,B-brez-stdout,obremenitev,5,cadvisor,1.73,44.38MiB
4,B-brez-stdout,obremenitev,5,grafana,0.07,53.53MiB
4,B-brez-stdout,obremenitev,5,elasticsearch,4.28,1.978GiB
4,B-brez-stdout,obremenitev,5,kibana,6.00,664.4MiB
4,B-brez-stdout,obremenitev,5,logstash,9.56,763.3MiB
4,B-brez-stdout,obremenitev,5,alertmanager,0.20,21.12MiB
4,B-brez-stdout,obremenitev,6,prometheus,0.00,55.83MiB
4,B-brez-stdout,obremenitev,6,node-exporter,0.00,9.242MiB
4,B-brez-stdout,obremenitev,6,cadvisor,2.25,44.32MiB
4,B-brez-stdout,obremenitev,6,grafana,0.04,53.53MiB
4,B-brez-stdout,obremenitev,6,elasticsearch,5.18,1.978GiB
4,B-brez-stdout,obremenitev,6,kibana,5.90,664.4MiB
4,B-brez-stdout,obremenitev,6,logstash,11.32,763.4MiB
4,B-brez-stdout,obremenitev,6,alertmanager,0.19,21.12MiB
4,B-brez-stdout,obremenitev,7,prometheus,0.00,55.83MiB
4,B-brez-stdout,obremenitev,7,node-exporter,0.00,9.242MiB
4,B-brez-stdout,obremenitev,7,cadvisor,3.06,44.32MiB
4,B-brez-stdout,obremenitev,7,grafana,0.02,53.53MiB
4,B-brez-stdout,obremenitev,7,elasticsearch,5.18,1.978GiB
4,B-brez-stdout,obremenitev,7,kibana,5.56,664.4MiB
4,B-brez-stdout,obremenitev,7,logstash,8.76,764.9MiB
4,B-brez-stdout,obremenitev,7,alertmanager,0.16,21.12MiB
4,B-brez-stdout,obremenitev,8,prometheus,0.00,55.85MiB
4,B-brez-stdout,obremenitev,8,node-exporter,0.00,8.906MiB
4,B-brez-stdout,obremenitev,8,cadvisor,3.17,44.32MiB
4,B-brez-stdout,obremenitev,8,grafana,0.21,53.53MiB
4,B-brez-stdout,obremenitev,8,elasticsearch,6.06,1.978GiB
4,B-brez-stdout,obremenitev,8,kibana,7.95,664.4MiB
4,B-brez-stdout,obremenitev,8,logstash,16.17,765MiB
4,B-brez-stdout,obremenitev,8,alertmanager,0.60,21.12MiB
4,B-brez-stdout,obremenitev,9,prometheus,0.39,55.85MiB
4,B-brez-stdout,obremenitev,9,node-exporter,0.00,8.906MiB
4,B-brez-stdout,obremenitev,9,cadvisor,2.11,44.32MiB
4,B-brez-stdout,obremenitev,9,grafana,0.69,53.53MiB
4,B-brez-stdout,obremenitev,9,elasticsearch,4.70,1.978GiB
4,B-brez-stdout,obremenitev,9,kibana,6.49,664.4MiB
4,B-brez-stdout,obremenitev,9,logstash,15.12,765.9MiB
4,B-brez-stdout,obremenitev,9,alertmanager,0.19,21.12MiB
4,B-brez-stdout,obremenitev,10,prometheus,0.16,55.85MiB
4,B-brez-stdout,obremenitev,10,node-exporter,0.00,8.906MiB
4,B-brez-stdout,obremenitev,10,cadvisor,3.34,44.31MiB
4,B-brez-stdout,obremenitev,10,grafana,0.13,53.53MiB
4,B-brez-stdout,obremenitev,10,elasticsearch,9.13,1.978GiB
4,B-brez-stdout,obremenitev,10,kibana,12.47,664.4MiB
4,B-brez-stdout,obremenitev,10,logstash,23.93,767.6MiB
4,B-brez-stdout,obremenitev,10,alertmanager,0.28,21.12MiB
4,C-samo-filter,mirovanje,1,prometheus,0.99,56.68MiB
4,C-samo-filter,mirovanje,1,node-exporter,0.00,9.18MiB
4,C-samo-filter,mirovanje,1,cadvisor,3.15,45.52MiB
4,C-samo-filter,mirovanje,1,grafana,0.10,53.5MiB
4,C-samo-filter,mirovanje,1,elasticsearch,4.04,1.978GiB
4,C-samo-filter,mirovanje,1,kibana,11.32,664.7MiB
4,C-samo-filter,mirovanje,1,logstash,12.56,703.2MiB
4,C-samo-filter,mirovanje,1,alertmanager,0.94,20.31MiB
4,C-samo-filter,mirovanje,2,prometheus,0.32,56.68MiB
4,C-samo-filter,mirovanje,2,node-exporter,0.00,9.18MiB
4,C-samo-filter,mirovanje,2,cadvisor,4.39,45.51MiB
4,C-samo-filter,mirovanje,2,grafana,0.19,53.5MiB
4,C-samo-filter,mirovanje,2,elasticsearch,7.19,1.978GiB
4,C-samo-filter,mirovanje,2,kibana,13.48,664.7MiB
4,C-samo-filter,mirovanje,2,logstash,13.21,707.7MiB
4,C-samo-filter,mirovanje,2,alertmanager,0.31,20.31MiB
4,C-samo-filter,mirovanje,3,prometheus,1.78,56.68MiB
4,C-samo-filter,mirovanje,3,node-exporter,0.00,9.18MiB
4,C-samo-filter,mirovanje,3,cadvisor,13.04,45.52MiB
4,C-samo-filter,mirovanje,3,grafana,0.03,53.5MiB
4,C-samo-filter,mirovanje,3,elasticsearch,4.64,1.978GiB
4,C-samo-filter,mirovanje,3,kibana,17.44,664.7MiB
4,C-samo-filter,mirovanje,3,logstash,12.80,709.1MiB
4,C-samo-filter,mirovanje,3,alertmanager,0.35,20.31MiB
4,C-samo-filter,mirovanje,4,prometheus,0.24,56.68MiB
4,C-samo-filter,mirovanje,4,node-exporter,0.00,9.43MiB
4,C-samo-filter,mirovanje,4,cadvisor,1.71,45.51MiB
4,C-samo-filter,mirovanje,4,grafana,0.01,53.5MiB
4,C-samo-filter,mirovanje,4,elasticsearch,0.98,1.978GiB
4,C-samo-filter,mirovanje,4,kibana,5.87,664.7MiB
4,C-samo-filter,mirovanje,4,logstash,25.07,742.1MiB
4,C-samo-filter,mirovanje,4,alertmanager,0.24,20.31MiB
4,C-samo-filter,mirovanje,5,prometheus,0.27,56.68MiB
4,C-samo-filter,mirovanje,5,node-exporter,0.00,9.43MiB
4,C-samo-filter,mirovanje,5,cadvisor,3.29,45.53MiB
4,C-samo-filter,mirovanje,5,grafana,0.02,53.5MiB
4,C-samo-filter,mirovanje,5,elasticsearch,1.31,1.978GiB
4,C-samo-filter,mirovanje,5,kibana,5.41,664.7MiB
4,C-samo-filter,mirovanje,5,logstash,7.61,742.4MiB
4,C-samo-filter,mirovanje,5,alertmanager,0.37,20.31MiB
4,C-samo-filter,mirovanje,6,prometheus,0.70,56.68MiB
4,C-samo-filter,mirovanje,6,node-exporter,0.00,9.43MiB
4,C-samo-filter,mirovanje,6,cadvisor,2.20,45.54MiB
4,C-samo-filter,mirovanje,6,grafana,0.10,53.5MiB
4,C-samo-filter,mirovanje,6,elasticsearch,1.21,1.978GiB
4,C-samo-filter,mirovanje,6,kibana,5.10,664.7MiB
4,C-samo-filter,mirovanje,6,logstash,7.61,742.6MiB
4,C-samo-filter,mirovanje,6,alertmanager,0.18,20.31MiB
4,C-samo-filter,mirovanje,7,prometheus,0.00,56.68MiB
4,C-samo-filter,mirovanje,7,node-exporter,0.00,9.445MiB
4,C-samo-filter,mirovanje,7,cadvisor,2.33,45.54MiB
4,C-samo-filter,mirovanje,7,grafana,0.07,53.5MiB
4,C-samo-filter,mirovanje,7,elasticsearch,0.77,1.978GiB
4,C-samo-filter,mirovanje,7,kibana,3.20,664.7MiB
4,C-samo-filter,mirovanje,7,logstash,2.91,743.1MiB
4,C-samo-filter,mirovanje,7,alertmanager,0.41,20.31MiB
4,C-samo-filter,mirovanje,8,prometheus,0.00,56.68MiB
4,C-samo-filter,mirovanje,8,node-exporter,0.00,9.445MiB
4,C-samo-filter,mirovanje,8,cadvisor,3.07,45.66MiB
4,C-samo-filter,mirovanje,8,grafana,0.77,53.5MiB
4,C-samo-filter,mirovanje,8,elasticsearch,1.33,1.978GiB
4,C-samo-filter,mirovanje,8,kibana,5.47,664.7MiB
4,C-samo-filter,mirovanje,8,logstash,3.32,743.4MiB
4,C-samo-filter,mirovanje,8,alertmanager,0.09,20.31MiB
4,C-samo-filter,mirovanje,9,prometheus,0.71,56.68MiB
4,C-samo-filter,mirovanje,9,node-exporter,0.00,9.445MiB
4,C-samo-filter,mirovanje,9,cadvisor,2.09,45.54MiB
4,C-samo-filter,mirovanje,9,grafana,0.21,53.5MiB
4,C-samo-filter,mirovanje,9,elasticsearch,1.16,1.978GiB
4,C-samo-filter,mirovanje,9,kibana,5.80,664.7MiB
4,C-samo-filter,mirovanje,9,logstash,3.33,743.4MiB
4,C-samo-filter,mirovanje,9,alertmanager,0.20,20.31MiB
4,C-samo-filter,mirovanje,10,prometheus,0.00,56.68MiB
4,C-samo-filter,mirovanje,10,node-exporter,0.00,9.512MiB
4,C-samo-filter,mirovanje,10,cadvisor,1.92,45.57MiB
4,C-samo-filter,mirovanje,10,grafana,0.04,53.5MiB
4,C-samo-filter,mirovanje,10,elasticsearch,1.42,1.978GiB
4,C-samo-filter,mirovanje,10,kibana,5.05,664.7MiB
4,C-samo-filter,mirovanje,10,logstash,1.68,743.5MiB
4,C-samo-filter,mirovanje,10,alertmanager,0.23,20.31MiB
4,C-samo-filter,obremenitev,1,prometheus,0.10,54.21MiB
4,C-samo-filter,obremenitev,1,node-exporter,0.00,9.316MiB
4,C-samo-filter,obremenitev,1,cadvisor,1.69,45.34MiB
4,C-samo-filter,obremenitev,1,grafana,0.13,53.5MiB
4,C-samo-filter,obremenitev,1,elasticsearch,3.56,1.979GiB
4,C-samo-filter,obremenitev,1,kibana,8.15,664.8MiB
4,C-samo-filter,obremenitev,1,logstash,13.06,820.1MiB
4,C-samo-filter,obremenitev,1,alertmanager,0.19,20.31MiB
4,C-samo-filter,obremenitev,2,prometheus,0.03,54.23MiB
4,C-samo-filter,obremenitev,2,node-exporter,0.00,9.316MiB
4,C-samo-filter,obremenitev,2,cadvisor,2.25,45.47MiB
4,C-samo-filter,obremenitev,2,grafana,0.17,53.5MiB
4,C-samo-filter,obremenitev,2,elasticsearch,4.60,1.979GiB
4,C-samo-filter,obremenitev,2,kibana,5.91,664.8MiB
4,C-samo-filter,obremenitev,2,logstash,21.63,821.6MiB
4,C-samo-filter,obremenitev,2,alertmanager,0.14,20.31MiB
4,C-samo-filter,obremenitev,3,prometheus,0.03,54.22MiB
4,C-samo-filter,obremenitev,3,node-exporter,0.00,9.391MiB
4,C-samo-filter,obremenitev,3,cadvisor,2.46,45.35MiB
4,C-samo-filter,obremenitev,3,grafana,0.09,53.5MiB
4,C-samo-filter,obremenitev,3,elasticsearch,2.92,1.979GiB
4,C-samo-filter,obremenitev,3,kibana,5.53,664.8MiB
4,C-samo-filter,obremenitev,3,logstash,7.06,821.9MiB
4,C-samo-filter,obremenitev,3,alertmanager,0.34,20.32MiB
4,C-samo-filter,obremenitev,4,prometheus,0.06,54.22MiB
4,C-samo-filter,obremenitev,4,node-exporter,0.00,9.391MiB
4,C-samo-filter,obremenitev,4,cadvisor,2.53,45.35MiB
4,C-samo-filter,obremenitev,4,grafana,0.14,53.5MiB
4,C-samo-filter,obremenitev,4,elasticsearch,6.00,1.979GiB
4,C-samo-filter,obremenitev,4,kibana,8.07,664.8MiB
4,C-samo-filter,obremenitev,4,logstash,19.07,822.3MiB
4,C-samo-filter,obremenitev,4,alertmanager,0.21,20.32MiB
4,C-samo-filter,obremenitev,5,prometheus,0.51,54.23MiB
4,C-samo-filter,obremenitev,5,node-exporter,2.04,9.445MiB
4,C-samo-filter,obremenitev,5,cadvisor,2.47,45.38MiB
4,C-samo-filter,obremenitev,5,grafana,0.19,53.5MiB
4,C-samo-filter,obremenitev,5,elasticsearch,5.20,1.979GiB
4,C-samo-filter,obremenitev,5,kibana,7.54,664.8MiB
4,C-samo-filter,obremenitev,5,logstash,25.27,822.6MiB
4,C-samo-filter,obremenitev,5,alertmanager,0.41,20.45MiB
4,C-samo-filter,obremenitev,6,prometheus,0.08,54.22MiB
4,C-samo-filter,obremenitev,6,node-exporter,0.00,9.445MiB
4,C-samo-filter,obremenitev,6,cadvisor,3.19,45.37MiB
4,C-samo-filter,obremenitev,6,grafana,0.22,53.5MiB
4,C-samo-filter,obremenitev,6,elasticsearch,8.07,1.979GiB
4,C-samo-filter,obremenitev,6,kibana,11.41,664.8MiB
4,C-samo-filter,obremenitev,6,logstash,23.97,822.5MiB
4,C-samo-filter,obremenitev,6,alertmanager,0.39,20.32MiB
4,C-samo-filter,obremenitev,7,prometheus,0.00,54.22MiB
4,C-samo-filter,obremenitev,7,node-exporter,0.00,9.445MiB
4,C-samo-filter,obremenitev,7,cadvisor,2.44,45.38MiB
4,C-samo-filter,obremenitev,7,grafana,0.14,53.5MiB
4,C-samo-filter,obremenitev,7,elasticsearch,5.97,1.979GiB
4,C-samo-filter,obremenitev,7,kibana,6.93,664.8MiB
4,C-samo-filter,obremenitev,7,logstash,14.56,822.6MiB
4,C-samo-filter,obremenitev,7,alertmanager,0.20,20.32MiB
4,C-samo-filter,obremenitev,8,prometheus,1.01,54.23MiB
4,C-samo-filter,obremenitev,8,node-exporter,2.91,9.504MiB
4,C-samo-filter,obremenitev,8,cadvisor,1.62,46.1MiB
4,C-samo-filter,obremenitev,8,grafana,0.10,53.5MiB
4,C-samo-filter,obremenitev,8,elasticsearch,4.70,1.979GiB
4,C-samo-filter,obremenitev,8,kibana,6.80,664.8MiB
4,C-samo-filter,obremenitev,8,logstash,23.62,822.7MiB
4,C-samo-filter,obremenitev,8,alertmanager,0.18,20.32MiB
4,C-samo-filter,obremenitev,9,prometheus,0.00,54.23MiB
4,C-samo-filter,obremenitev,9,node-exporter,0.00,9.504MiB
4,C-samo-filter,obremenitev,9,cadvisor,1.48,46.25MiB
4,C-samo-filter,obremenitev,9,grafana,0.32,53.5MiB
4,C-samo-filter,obremenitev,9,elasticsearch,4.62,1.979GiB
4,C-samo-filter,obremenitev,9,kibana,6.52,664.8MiB
4,C-samo-filter,obremenitev,9,logstash,16.14,822.8MiB
4,C-samo-filter,obremenitev,9,alertmanager,0.21,20.32MiB
4,C-samo-filter,obremenitev,10,prometheus,0.00,54.23MiB
4,C-samo-filter,obremenitev,10,node-exporter,0.00,9.504MiB
4,C-samo-filter,obremenitev,10,cadvisor,3.51,46.25MiB
4,C-samo-filter,obremenitev,10,grafana,0.12,53.5MiB
4,C-samo-filter,obremenitev,10,elasticsearch,6.14,1.979GiB
4,C-samo-filter,obremenitev,10,kibana,9.37,664.8MiB
4,C-samo-filter,obremenitev,10,logstash,13.23,822.9MiB
4,C-samo-filter,obremenitev,10,alertmanager,0.33,20.32MiB
4,D-oboje,mirovanje,1,prometheus,0.00,54.74MiB
4,D-oboje,mirovanje,1,node-exporter,0.00,9.215MiB
4,D-oboje,mirovanje,1,cadvisor,1.56,44.98MiB
4,D-oboje,mirovanje,1,grafana,0.09,53.52MiB
4,D-oboje,mirovanje,1,elasticsearch,1.34,1.979GiB
4,D-oboje,mirovanje,1,kibana,4.94,665MiB
4,D-oboje,mirovanje,1,logstash,5.57,695.7MiB
4,D-oboje,mirovanje,1,alertmanager,0.22,19.79MiB
4,D-oboje,mirovanje,2,prometheus,0.00,54.73MiB
4,D-oboje,mirovanje,2,node-exporter,0.00,9.332MiB
4,D-oboje,mirovanje,2,cadvisor,1.50,44.98MiB
4,D-oboje,mirovanje,2,grafana,0.23,53.52MiB
4,D-oboje,mirovanje,2,elasticsearch,2.11,1.979GiB
4,D-oboje,mirovanje,2,kibana,8.50,665.2MiB
4,D-oboje,mirovanje,2,logstash,5.22,695.9MiB
4,D-oboje,mirovanje,2,alertmanager,0.64,19.79MiB
4,D-oboje,mirovanje,3,prometheus,0.45,54.73MiB
4,D-oboje,mirovanje,3,node-exporter,0.00,9.332MiB
4,D-oboje,mirovanje,3,cadvisor,3.17,44.98MiB
4,D-oboje,mirovanje,3,grafana,0.11,53.52MiB
4,D-oboje,mirovanje,3,elasticsearch,2.59,1.979GiB
4,D-oboje,mirovanje,3,kibana,5.36,665.2MiB
4,D-oboje,mirovanje,3,logstash,6.31,696MiB
4,D-oboje,mirovanje,3,alertmanager,0.19,19.79MiB
4,D-oboje,mirovanje,4,prometheus,0.13,54.73MiB
4,D-oboje,mirovanje,4,node-exporter,0.00,9.332MiB
4,D-oboje,mirovanje,4,cadvisor,2.18,44.98MiB
4,D-oboje,mirovanje,4,grafana,0.05,53.52MiB
4,D-oboje,mirovanje,4,elasticsearch,1.09,1.979GiB
4,D-oboje,mirovanje,4,kibana,5.37,665.2MiB
4,D-oboje,mirovanje,4,logstash,5.37,696.1MiB
4,D-oboje,mirovanje,4,alertmanager,0.16,19.79MiB
4,D-oboje,mirovanje,5,prometheus,0.20,54.74MiB
4,D-oboje,mirovanje,5,node-exporter,0.00,9.5MiB
4,D-oboje,mirovanje,5,cadvisor,1.74,44.98MiB
4,D-oboje,mirovanje,5,grafana,0.08,53.52MiB
4,D-oboje,mirovanje,5,elasticsearch,1.56,1.979GiB
4,D-oboje,mirovanje,5,kibana,6.01,665.2MiB
4,D-oboje,mirovanje,5,logstash,6.84,696.3MiB
4,D-oboje,mirovanje,5,alertmanager,0.39,20.16MiB
4,D-oboje,mirovanje,6,prometheus,0.38,54.75MiB
4,D-oboje,mirovanje,6,node-exporter,0.00,9.5MiB
4,D-oboje,mirovanje,6,cadvisor,4.64,44.98MiB
4,D-oboje,mirovanje,6,grafana,0.55,53.52MiB
4,D-oboje,mirovanje,6,elasticsearch,2.32,1.979GiB
4,D-oboje,mirovanje,6,kibana,8.38,665.2MiB
4,D-oboje,mirovanje,6,logstash,14.79,696.7MiB
4,D-oboje,mirovanje,6,alertmanager,0.14,20.16MiB
4,D-oboje,mirovanje,7,prometheus,3.85,54.74MiB
4,D-oboje,mirovanje,7,node-exporter,0.00,9.5MiB
4,D-oboje,mirovanje,7,cadvisor,5.51,44.98MiB
4,D-oboje,mirovanje,7,grafana,0.04,53.52MiB
4,D-oboje,mirovanje,7,elasticsearch,1.46,1.979GiB
4,D-oboje,mirovanje,7,kibana,7.04,665.2MiB
4,D-oboje,mirovanje,7,logstash,13.28,697.1MiB
4,D-oboje,mirovanje,7,alertmanager,0.10,20.16MiB
4,D-oboje,mirovanje,8,prometheus,0.05,53.3MiB
4,D-oboje,mirovanje,8,node-exporter,0.00,9.141MiB
4,D-oboje,mirovanje,8,cadvisor,1.22,44.99MiB
4,D-oboje,mirovanje,8,grafana,0.07,53.52MiB
4,D-oboje,mirovanje,8,elasticsearch,1.14,1.979GiB
4,D-oboje,mirovanje,8,kibana,3.72,665.2MiB
4,D-oboje,mirovanje,8,logstash,6.42,697.3MiB
4,D-oboje,mirovanje,8,alertmanager,0.48,20.16MiB
4,D-oboje,mirovanje,9,prometheus,0.24,53.31MiB
4,D-oboje,mirovanje,9,node-exporter,0.00,9.141MiB
4,D-oboje,mirovanje,9,cadvisor,1.94,44.99MiB
4,D-oboje,mirovanje,9,grafana,0.09,53.52MiB
4,D-oboje,mirovanje,9,elasticsearch,2.73,1.979GiB
4,D-oboje,mirovanje,9,kibana,4.80,665.2MiB
4,D-oboje,mirovanje,9,logstash,3.23,697.4MiB
4,D-oboje,mirovanje,9,alertmanager,0.23,20.16MiB
4,D-oboje,mirovanje,10,prometheus,0.56,53.31MiB
4,D-oboje,mirovanje,10,node-exporter,0.00,9.141MiB
4,D-oboje,mirovanje,10,cadvisor,3.44,45.05MiB
4,D-oboje,mirovanje,10,grafana,0.04,53.52MiB
4,D-oboje,mirovanje,10,elasticsearch,2.59,1.979GiB
4,D-oboje,mirovanje,10,kibana,5.34,665.2MiB
4,D-oboje,mirovanje,10,logstash,4.83,697.5MiB
4,D-oboje,mirovanje,10,alertmanager,0.29,20.16MiB
4,D-oboje,obremenitev,1,prometheus,0.08,53.32MiB
4,D-oboje,obremenitev,1,node-exporter,0.00,8.879MiB
4,D-oboje,obremenitev,1,cadvisor,2.27,45.38MiB
4,D-oboje,obremenitev,1,grafana,0.15,53.53MiB
4,D-oboje,obremenitev,1,elasticsearch,3.78,1.979GiB
4,D-oboje,obremenitev,1,kibana,8.28,665.2MiB
4,D-oboje,obremenitev,1,logstash,14.08,706.7MiB
4,D-oboje,obremenitev,1,alertmanager,0.22,20.44MiB
4,D-oboje,obremenitev,2,prometheus,0.13,53.32MiB
4,D-oboje,obremenitev,2,node-exporter,0.00,8.879MiB
4,D-oboje,obremenitev,2,cadvisor,1.90,45.39MiB
4,D-oboje,obremenitev,2,grafana,0.05,53.53MiB
4,D-oboje,obremenitev,2,elasticsearch,18.82,1.979GiB
4,D-oboje,obremenitev,2,kibana,10.14,665.2MiB
4,D-oboje,obremenitev,2,logstash,13.93,707MiB
4,D-oboje,obremenitev,2,alertmanager,0.14,20.44MiB
4,D-oboje,obremenitev,3,prometheus,1.09,53.33MiB
4,D-oboje,obremenitev,3,node-exporter,0.00,8.879MiB
4,D-oboje,obremenitev,3,cadvisor,2.70,46.23MiB
4,D-oboje,obremenitev,3,grafana,0.09,53.53MiB
4,D-oboje,obremenitev,3,elasticsearch,6.29,1.979GiB
4,D-oboje,obremenitev,3,kibana,7.88,665.2MiB
4,D-oboje,obremenitev,3,logstash,18.96,726.2MiB
4,D-oboje,obremenitev,3,alertmanager,0.19,20.44MiB
4,D-oboje,obremenitev,4,prometheus,0.11,53.32MiB
4,D-oboje,obremenitev,4,node-exporter,0.00,9.117MiB
4,D-oboje,obremenitev,4,cadvisor,3.78,46.23MiB
4,D-oboje,obremenitev,4,grafana,0.02,53.53MiB
4,D-oboje,obremenitev,4,elasticsearch,7.10,1.979GiB
4,D-oboje,obremenitev,4,kibana,7.36,665.2MiB
4,D-oboje,obremenitev,4,logstash,16.88,747.6MiB
4,D-oboje,obremenitev,4,alertmanager,0.39,20.44MiB
4,D-oboje,obremenitev,5,prometheus,0.00,53.32MiB
4,D-oboje,obremenitev,5,node-exporter,0.00,9.117MiB
4,D-oboje,obremenitev,5,cadvisor,2.47,46.22MiB
4,D-oboje,obremenitev,5,grafana,0.24,53.53MiB
4,D-oboje,obremenitev,5,elasticsearch,5.99,1.979GiB
4,D-oboje,obremenitev,5,kibana,7.01,665.2MiB
4,D-oboje,obremenitev,5,logstash,21.93,784.4MiB
4,D-oboje,obremenitev,5,alertmanager,0.21,20.44MiB
4,D-oboje,obremenitev,6,prometheus,1.16,53.32MiB
4,D-oboje,obremenitev,6,node-exporter,0.00,9.117MiB
4,D-oboje,obremenitev,6,cadvisor,2.44,44.49MiB
4,D-oboje,obremenitev,6,grafana,0.08,53.53MiB
4,D-oboje,obremenitev,6,elasticsearch,7.08,1.979GiB
4,D-oboje,obremenitev,6,kibana,8.24,665.2MiB
4,D-oboje,obremenitev,6,logstash,12.47,784.4MiB
4,D-oboje,obremenitev,6,alertmanager,0.12,20.44MiB
4,D-oboje,obremenitev,7,prometheus,0.00,53.32MiB
4,D-oboje,obremenitev,7,node-exporter,0.00,9.293MiB
4,D-oboje,obremenitev,7,cadvisor,4.44,44.49MiB
4,D-oboje,obremenitev,7,grafana,0.15,53.53MiB
4,D-oboje,obremenitev,7,elasticsearch,4.43,1.979GiB
4,D-oboje,obremenitev,7,kibana,5.95,665.2MiB
4,D-oboje,obremenitev,7,logstash,9.07,784.4MiB
4,D-oboje,obremenitev,7,alertmanager,0.33,20.44MiB
4,D-oboje,obremenitev,8,prometheus,0.00,53.32MiB
4,D-oboje,obremenitev,8,node-exporter,0.00,9.293MiB
4,D-oboje,obremenitev,8,cadvisor,2.71,44.48MiB
4,D-oboje,obremenitev,8,grafana,0.10,53.53MiB
4,D-oboje,obremenitev,8,elasticsearch,4.34,1.979GiB
4,D-oboje,obremenitev,8,kibana,6.32,665.2MiB
4,D-oboje,obremenitev,8,logstash,12.57,784.4MiB
4,D-oboje,obremenitev,8,alertmanager,0.18,20.44MiB
4,D-oboje,obremenitev,9,prometheus,0.05,53.32MiB
4,D-oboje,obremenitev,9,node-exporter,0.00,9.293MiB
4,D-oboje,obremenitev,9,cadvisor,4.87,45.17MiB
4,D-oboje,obremenitev,9,grafana,0.12,53.53MiB
4,D-oboje,obremenitev,9,elasticsearch,4.95,1.979GiB
4,D-oboje,obremenitev,9,kibana,6.97,665.2MiB
4,D-oboje,obremenitev,9,logstash,18.59,784.4MiB
4,D-oboje,obremenitev,9,alertmanager,0.27,20.44MiB
4,D-oboje,obremenitev,10,prometheus,0.04,53.32MiB
4,D-oboje,obremenitev,10,node-exporter,0.00,9.473MiB
4,D-oboje,obremenitev,10,cadvisor,2.49,45.17MiB
4,D-oboje,obremenitev,10,grafana,0.01,53.53MiB
4,D-oboje,obremenitev,10,elasticsearch,8.10,1.979GiB
4,D-oboje,obremenitev,10,kibana,8.36,665.2MiB
4,D-oboje,obremenitev,10,logstash,27.69,784.6MiB
4,D-oboje,obremenitev,10,alertmanager,0.48,20.44MiB
4,E-paketno,mirovanje,1,prometheus,0.00,54.37MiB
4,E-paketno,mirovanje,1,node-exporter,0.00,9.109MiB
4,E-paketno,mirovanje,1,cadvisor,2.18,45.95MiB
4,E-paketno,mirovanje,1,grafana,0.18,53.54MiB
4,E-paketno,mirovanje,1,elasticsearch,1.23,1.979GiB
4,E-paketno,mirovanje,1,kibana,4.40,665.2MiB
4,E-paketno,mirovanje,1,logstash,5.27,758.3MiB
4,E-paketno,mirovanje,1,alertmanager,0.15,20.75MiB
4,E-paketno,mirovanje,2,prometheus,0.59,54.36MiB
4,E-paketno,mirovanje,2,node-exporter,2.04,9.105MiB
4,E-paketno,mirovanje,2,cadvisor,3.31,45.95MiB
4,E-paketno,mirovanje,2,grafana,0.22,53.54MiB
4,E-paketno,mirovanje,2,elasticsearch,1.67,1.979GiB
4,E-paketno,mirovanje,2,kibana,5.62,665.2MiB
4,E-paketno,mirovanje,2,logstash,3.25,758.4MiB
4,E-paketno,mirovanje,2,alertmanager,0.13,20.75MiB
4,E-paketno,mirovanje,3,prometheus,0.00,54.36MiB
4,E-paketno,mirovanje,3,node-exporter,0.00,9.105MiB
4,E-paketno,mirovanje,3,cadvisor,2.88,45.95MiB
4,E-paketno,mirovanje,3,grafana,0.03,53.54MiB
4,E-paketno,mirovanje,3,elasticsearch,1.01,1.979GiB
4,E-paketno,mirovanje,3,kibana,5.15,665.2MiB
4,E-paketno,mirovanje,3,logstash,3.16,758.5MiB
4,E-paketno,mirovanje,3,alertmanager,0.17,20.75MiB
4,E-paketno,mirovanje,4,prometheus,0.00,54.37MiB
4,E-paketno,mirovanje,4,node-exporter,0.00,9.105MiB
4,E-paketno,mirovanje,4,cadvisor,1.59,46.08MiB
4,E-paketno,mirovanje,4,grafana,0.18,53.54MiB
4,E-paketno,mirovanje,4,elasticsearch,1.02,1.979GiB
4,E-paketno,mirovanje,4,kibana,8.24,665.2MiB
4,E-paketno,mirovanje,4,logstash,3.78,758.7MiB
4,E-paketno,mirovanje,4,alertmanager,0.24,20.75MiB
4,E-paketno,mirovanje,5,prometheus,0.29,54.37MiB
4,E-paketno,mirovanje,5,node-exporter,0.00,9.105MiB
4,E-paketno,mirovanje,5,cadvisor,2.08,45.95MiB
4,E-paketno,mirovanje,5,grafana,0.07,53.54MiB
4,E-paketno,mirovanje,5,elasticsearch,1.57,1.979GiB
4,E-paketno,mirovanje,5,kibana,6.40,665.2MiB
4,E-paketno,mirovanje,5,logstash,4.15,759.1MiB
4,E-paketno,mirovanje,5,alertmanager,0.22,20.75MiB
4,E-paketno,mirovanje,6,prometheus,0.00,54.37MiB
4,E-paketno,mirovanje,6,node-exporter,0.00,9.105MiB
4,E-paketno,mirovanje,6,cadvisor,3.80,45.95MiB
4,E-paketno,mirovanje,6,grafana,0.11,53.54MiB
4,E-paketno,mirovanje,6,elasticsearch,1.41,1.979GiB
4,E-paketno,mirovanje,6,kibana,6.16,665.2MiB
4,E-paketno,mirovanje,6,logstash,2.73,759.4MiB
4,E-paketno,mirovanje,6,alertmanager,0.16,19.5MiB
4,E-paketno,mirovanje,7,prometheus,0.00,54.37MiB
4,E-paketno,mirovanje,7,node-exporter,0.00,9.105MiB
4,E-paketno,mirovanje,7,cadvisor,3.11,46.07MiB
4,E-paketno,mirovanje,7,grafana,0.14,53.54MiB
4,E-paketno,mirovanje,7,elasticsearch,2.16,1.979GiB
4,E-paketno,mirovanje,7,kibana,5.63,665.2MiB
4,E-paketno,mirovanje,7,logstash,1.18,759.7MiB
4,E-paketno,mirovanje,7,alertmanager,0.21,19.5MiB
4,E-paketno,mirovanje,8,prometheus,0.00,54.37MiB
4,E-paketno,mirovanje,8,node-exporter,0.00,9.312MiB
4,E-paketno,mirovanje,8,cadvisor,1.66,45.94MiB
4,E-paketno,mirovanje,8,grafana,0.06,53.54MiB
4,E-paketno,mirovanje,8,elasticsearch,1.40,1.979GiB
4,E-paketno,mirovanje,8,kibana,5.01,665.2MiB
4,E-paketno,mirovanje,8,logstash,3.99,759.9MiB
4,E-paketno,mirovanje,8,alertmanager,0.91,19.5MiB
4,E-paketno,mirovanje,9,prometheus,0.35,54.38MiB
4,E-paketno,mirovanje,9,node-exporter,0.00,9.312MiB
4,E-paketno,mirovanje,9,cadvisor,1.81,45.95MiB
4,E-paketno,mirovanje,9,grafana,0.14,53.54MiB
4,E-paketno,mirovanje,9,elasticsearch,3.27,1.979GiB
4,E-paketno,mirovanje,9,kibana,6.21,665.2MiB
4,E-paketno,mirovanje,9,logstash,2.07,759.9MiB
4,E-paketno,mirovanje,9,alertmanager,0.19,19.5MiB
4,E-paketno,mirovanje,10,prometheus,0.00,54.37MiB
4,E-paketno,mirovanje,10,node-exporter,0.00,9.312MiB
4,E-paketno,mirovanje,10,cadvisor,2.53,45.94MiB
4,E-paketno,mirovanje,10,grafana,0.23,53.54MiB
4,E-paketno,mirovanje,10,elasticsearch,17.35,1.979GiB
4,E-paketno,mirovanje,10,kibana,6.01,665.2MiB
4,E-paketno,mirovanje,10,logstash,1.60,760.1MiB
4,E-paketno,mirovanje,10,alertmanager,0.25,19.5MiB
4,E-paketno,obremenitev,1,prometheus,0.12,54.38MiB
4,E-paketno,obremenitev,1,node-exporter,0.00,9.195MiB
4,E-paketno,obremenitev,1,cadvisor,2.97,46.4MiB
4,E-paketno,obremenitev,1,grafana,0.02,53.54MiB
4,E-paketno,obremenitev,1,elasticsearch,8.50,1.979GiB
4,E-paketno,obremenitev,1,kibana,9.16,665.2MiB
4,E-paketno,obremenitev,1,logstash,5.75,772.5MiB
4,E-paketno,obremenitev,1,alertmanager,0.61,21.51MiB
4,E-paketno,obremenitev,2,prometheus,0.40,54.38MiB
4,E-paketno,obremenitev,2,node-exporter,0.00,9.195MiB
4,E-paketno,obremenitev,2,cadvisor,1.94,46.53MiB
4,E-paketno,obremenitev,2,grafana,0.25,53.54MiB
4,E-paketno,obremenitev,2,elasticsearch,1.18,1.979GiB
4,E-paketno,obremenitev,2,kibana,4.92,665.2MiB
4,E-paketno,obremenitev,2,logstash,7.20,772.5MiB
4,E-paketno,obremenitev,2,alertmanager,0.18,21.51MiB
4,E-paketno,obremenitev,3,prometheus,0.67,54.39MiB
4,E-paketno,obremenitev,3,node-exporter,0.00,9.195MiB
4,E-paketno,obremenitev,3,cadvisor,9.23,46.41MiB
4,E-paketno,obremenitev,3,grafana,0.13,53.54MiB
4,E-paketno,obremenitev,3,elasticsearch,0.71,1.979GiB
4,E-paketno,obremenitev,3,kibana,5.00,665.2MiB
4,E-paketno,obremenitev,3,logstash,5.41,772.5MiB
4,E-paketno,obremenitev,3,alertmanager,0.18,21.51MiB
4,E-paketno,obremenitev,4,prometheus,0.02,54.38MiB
4,E-paketno,obremenitev,4,node-exporter,0.00,9.195MiB
4,E-paketno,obremenitev,4,cadvisor,2.60,46.53MiB
4,E-paketno,obremenitev,4,grafana,0.29,53.54MiB
4,E-paketno,obremenitev,4,elasticsearch,1.71,1.979GiB
4,E-paketno,obremenitev,4,kibana,8.17,665.2MiB
4,E-paketno,obremenitev,4,logstash,3.69,772.5MiB
4,E-paketno,obremenitev,4,alertmanager,0.36,21.51MiB
4,E-paketno,obremenitev,5,prometheus,0.28,54.38MiB
4,E-paketno,obremenitev,5,node-exporter,0.00,9.195MiB
4,E-paketno,obremenitev,5,cadvisor,1.78,46.39MiB
4,E-paketno,obremenitev,5,grafana,0.15,53.54MiB
4,E-paketno,obremenitev,5,elasticsearch,1.29,1.979GiB
4,E-paketno,obremenitev,5,kibana,7.95,665.2MiB
4,E-paketno,obremenitev,5,logstash,6.40,772.6MiB
4,E-paketno,obremenitev,5,alertmanager,0.31,21.51MiB
4,E-paketno,obremenitev,6,prometheus,0.68,54.38MiB
4,E-paketno,obremenitev,6,node-exporter,0.00,9.195MiB
4,E-paketno,obremenitev,6,cadvisor,5.75,46.4MiB
4,E-paketno,obremenitev,6,grafana,0.05,53.54MiB
4,E-paketno,obremenitev,6,elasticsearch,1.89,1.979GiB
4,E-paketno,obremenitev,6,kibana,6.23,665.2MiB
4,E-paketno,obremenitev,6,logstash,4.21,772.4MiB
4,E-paketno,obremenitev,6,alertmanager,0.20,21.51MiB
4,E-paketno,obremenitev,7,prometheus,0.19,54.39MiB
4,E-paketno,obremenitev,7,node-exporter,0.00,9.195MiB
4,E-paketno,obremenitev,7,cadvisor,3.16,46.52MiB
4,E-paketno,obremenitev,7,grafana,0.21,53.55MiB
4,E-paketno,obremenitev,7,elasticsearch,2.54,1.979GiB
4,E-paketno,obremenitev,7,kibana,9.25,665.2MiB
4,E-paketno,obremenitev,7,logstash,6.15,772.5MiB
4,E-paketno,obremenitev,7,alertmanager,0.63,21.65MiB
4,E-paketno,obremenitev,8,prometheus,0.06,54.39MiB
4,E-paketno,obremenitev,8,node-exporter,0.00,9.195MiB
4,E-paketno,obremenitev,8,cadvisor,2.49,46.39MiB
4,E-paketno,obremenitev,8,grafana,0.08,53.55MiB
4,E-paketno,obremenitev,8,elasticsearch,2.70,1.979GiB
4,E-paketno,obremenitev,8,kibana,9.90,665.2MiB
4,E-paketno,obremenitev,8,logstash,7.56,772.5MiB
4,E-paketno,obremenitev,8,alertmanager,0.13,21.65MiB
4,E-paketno,obremenitev,9,prometheus,0.10,54.38MiB
4,E-paketno,obremenitev,9,node-exporter,0.00,9.195MiB
4,E-paketno,obremenitev,9,cadvisor,2.29,43.9MiB
4,E-paketno,obremenitev,9,grafana,0.21,53.55MiB
4,E-paketno,obremenitev,9,elasticsearch,2.66,1.979GiB
4,E-paketno,obremenitev,9,kibana,10.16,665.2MiB
4,E-paketno,obremenitev,9,logstash,7.89,772.5MiB
4,E-paketno,obremenitev,9,alertmanager,0.13,21.65MiB
4,E-paketno,obremenitev,10,prometheus,0.00,54.38MiB
4,E-paketno,obremenitev,10,node-exporter,0.00,9.207MiB
4,E-paketno,obremenitev,10,cadvisor,2.57,43.77MiB
4,E-paketno,obremenitev,10,grafana,0.03,53.55MiB
4,E-paketno,obremenitev,10,elasticsearch,3.27,1.979GiB
4,E-paketno,obremenitev,10,kibana,11.53,665.2MiB
4,E-paketno,obremenitev,10,logstash,5.43,772.5MiB
4,E-paketno,obremenitev,10,alertmanager,0.56,21.66MiB
